Category	Group	Score Component	Time Window	Window Start (Years)	Score
Central Segment	Corridor Segment	Change Component	0-500 Years	0	0.79129
Central Segment	Corridor Segment	Change Component	500-1000 Years	500	1.36942
Central Segment	Corridor Segment	Change Component	1000-1500 Years	1000	0.89789
Central Segment	Corridor Segment	Change Component	1500-2000 Years	1500	-0.65871
Central Segment	Corridor Segment	Change Component	2000-2500 Years	2000	-0.58524
Central Segment	Corridor Segment	Change Component	2500-3000 Years	2500	-1.33364
Central Segment	Corridor Segment	Change Component	3000-3500 Years	3000	-1.06789
Central Segment	Corridor Segment	Change Component	3500-4000 Years	3500	-0.01468
Central Segment	Corridor Segment	Change Component	4000-4500 Years	4000	0.52347
Central Segment	Corridor Segment	Change Component	4500-5000 Years	4500	0.46571
Central Segment	Corridor Segment	Change Component	5000-5500 Years	5000	0.14244
Central Segment	Corridor Segment	Change Component	5500-6000 Years	5500	1.01452
Central Segment	Corridor Segment	Change Component	6000-6500 Years	6000	1.72529
Central Segment	Corridor Segment	Change Component	6500-7000 Years	6500	-0.43405
Central Segment	Corridor Segment	Change Component	7000-7500 Years	7000	-0.49429
Central Segment	Corridor Segment	Change Component	7500-8000 Years	7500	0.28582
Central Segment	Corridor Segment	Change Component	8000-8500 Years	8000	-0.25225
Central Segment	Corridor Segment	Change Component	8500-9000 Years	8500	1.09868
Central Segment	Corridor Segment	Change Component	9000-9500 Years	9000	0.66313
Central Segment	Corridor Segment	Change Component	9500-10000 Years	9500	0.16598
Central Segment	Corridor Segment	Change Component	10000-10500 Years	10000	-0.11552
Central Segment	Corridor Segment	Change Component	10500-11000 Years	10500	0.62527
Central Segment	Corridor Segment	Change Component	11000-11500 Years	11000	0.70022
Central Segment	Corridor Segment	Change Component	11500-12000 Years	11500	0.71415
Central Segment	Corridor Segment	Change Component	12000-12500 Years	12000	0.54198
Central Segment	Corridor Segment	Change Component	12500-13000 Years	12500	0.35794
Central Segment	Corridor Segment	Change Component	13000-13500 Years	13000	0.06128
Central Segment	Corridor Segment	Change Component	13500-14000 Years	13500	-0.57617
Central Segment	Corridor Segment	Change Component	14000-14500 Years	14000	-0.84889
Central Segment	Corridor Segment	Change Component	14500-15000 Years	14500	-0.73946
Central Segment	Corridor Segment	Change Component	15000-15500 Years	15000	-0.8409
Central Segment	Corridor Segment	Change Component	15500-16000 Years	15500	-1.21053
Central Segment	Corridor Segment	Change Component	16000-16500 Years	16000	-1.06682
Central Segment	Corridor Segment	Change Component	16500-17000 Years	16500	-0.9315
Central Segment	Corridor Segment	Change Component	17000-17500 Years	17000	-0.99786
Central Segment	Corridor Segment	Change Component	17500-18000 Years	17500	-0.75703
Central Segment	Corridor Segment	Change Component	18000-18500 Years	18000	-0.38262
Central Segment	Corridor Segment	Change Component	18500-19000 Years	18500	-0.0342
Central Segment	Corridor Segment	Change Component	19000-19500 Years	19000	0.43275
Central Segment	Corridor Segment	Change Component	19500-20000 Years	19500	1.56555
North China	Northern Lowland	Change Component	0-500 Years	0	0.83908
North China	Northern Lowland	Change Component	500-1000 Years	500	0.90246
North China	Northern Lowland	Change Component	1000-1500 Years	1000	-0.24088
North China	Northern Lowland	Change Component	1500-2000 Years	1500	-0.93795
North China	Northern Lowland	Change Component	2000-2500 Years	2000	0.10429
North China	Northern Lowland	Change Component	2500-3000 Years	2500	0.62292
North China	Northern Lowland	Change Component	3000-3500 Years	3000	0.58046
North China	Northern Lowland	Change Component	3500-4000 Years	3500	2.17916
North China	Northern Lowland	Change Component	4000-4500 Years	4000	1.47653
North China	Northern Lowland	Change Component	4500-5000 Years	4500	-1.76672
North China	Northern Lowland	Change Component	5000-5500 Years	5000	-1.72216
North China	Northern Lowland	Change Component	5500-6000 Years	5500	-1.23759
North China	Northern Lowland	Change Component	6000-6500 Years	6000	-0.29945
North China	Northern Lowland	Change Component	6500-7000 Years	6500	0.24469
North China	Northern Lowland	Change Component	7000-7500 Years	7000	1.20952
North China	Northern Lowland	Change Component	7500-8000 Years	7500	1.81782
North China	Northern Lowland	Change Component	8000-8500 Years	8000	1.70362
North China	Northern Lowland	Change Component	8500-9000 Years	8500	-1.04768
North China	Northern Lowland	Change Component	9000-9500 Years	9000	0.78626
North China	Northern Lowland	Change Component	9500-10000 Years	9500	1.22115
North China	Northern Lowland	Change Component	10000-10500 Years	10000	-0.03331
North China	Northern Lowland	Change Component	10500-11000 Years	10500	-0.46329
North China	Northern Lowland	Change Component	11000-11500 Years	11000	0.02737
North China	Northern Lowland	Change Component	11500-12000 Years	11500	-1.67285
North China	Northern Lowland	Change Component	12000-12500 Years	12000	-1.46237
North China	Northern Lowland	Change Component	12500-13000 Years	12500	-0.98374
North China	Northern Lowland	Change Component	13000-13500 Years	13000	0.14376
North China	Northern Lowland	Change Component	13500-14000 Years	13500	1.57638
North China	Northern Lowland	Change Component	14000-14500 Years	14000	1.96713
North China	Northern Lowland	Change Component	14500-15000 Years	14500	1.70919
North China	Northern Lowland	Change Component	15000-15500 Years	15000	1.61933
North China	Northern Lowland	Change Component	15500-16000 Years	15500	1.90832
North China	Northern Lowland	Change Component	16000-16500 Years	16000	2.07554
North China	Northern Lowland	Change Component	16500-17000 Years	16500	2.04369
North China	Northern Lowland	Change Component	17000-17500 Years	17000	1.98557
North China	Northern Lowland	Change Component	17500-18000 Years	17500	1.62319
North China	Northern Lowland	Change Component	18000-18500 Years	18000	0.47587
North China	Northern Lowland	Change Component	18500-19000 Years	18500	-1.28952
North China	Northern Lowland	Change Component	19000-19500 Years	19000	-1.7328
Northern Segment	Corridor Segment	Change Component	0-500 Years	0	0.18834
Northern Segment	Corridor Segment	Change Component	500-1000 Years	500	-0.47934
Northern Segment	Corridor Segment	Change Component	1000-1500 Years	1000	-1.63311
Northern Segment	Corridor Segment	Change Component	1500-2000 Years	1500	-0.2599
Northern Segment	Corridor Segment	Change Component	2000-2500 Years	2000	0.84314
Northern Segment	Corridor Segment	Change Component	2500-3000 Years	2500	0.61545
Northern Segment	Corridor Segment	Change Component	3000-3500 Years	3000	0.04187
Northern Segment	Corridor Segment	Change Component	3500-4000 Years	3500	0.35193
Northern Segment	Corridor Segment	Change Component	4000-4500 Years	4000	0.41993
Northern Segment	Corridor Segment	Change Component	4500-5000 Years	4500	-0.18105
Northern Segment	Corridor Segment	Change Component	5000-5500 Years	5000	-0.19172
Northern Segment	Corridor Segment	Change Component	5500-6000 Years	5500	0.10411
Northern Segment	Corridor Segment	Change Component	6000-6500 Years	6000	0.09639
Northern Segment	Corridor Segment	Change Component	6500-7000 Years	6500	-0.67199
Northern Segment	Corridor Segment	Change Component	7000-7500 Years	7000	-0.20383
Northern Segment	Corridor Segment	Change Component	7500-8000 Years	7500	0.5485
Northern Segment	Corridor Segment	Change Component	8000-8500 Years	8000	-0.24482
Northern Segment	Corridor Segment	Change Component	8500-9000 Years	8500	0.27796
Northern Segment	Corridor Segment	Change Component	9000-9500 Years	9000	0.30398
Northern Segment	Corridor Segment	Change Component	9500-10000 Years	9500	-1.23364
Northern Segment	Corridor Segment	Change Component	10000-10500 Years	10000	-0.82805
Northern Segment	Corridor Segment	Change Component	10500-11000 Years	10500	-0.21248
Northern Segment	Corridor Segment	Change Component	11000-11500 Years	11000	0.87947
Northern Segment	Corridor Segment	Change Component	11500-12000 Years	11500	1.54426
Northern Segment	Corridor Segment	Change Component	12000-12500 Years	12000	1.76481
Northern Segment	Corridor Segment	Change Component	12500-13000 Years	12500	1.45462
Northern Segment	Corridor Segment	Change Component	13000-13500 Years	13000	0.95936
Northern Segment	Corridor Segment	Change Component	13500-14000 Years	13500	0.59209
Northern Segment	Corridor Segment	Change Component	14000-14500 Years	14000	0.38094
Northern Segment	Corridor Segment	Change Component	14500-15000 Years	14500	0.65387
Northern Segment	Corridor Segment	Change Component	15000-15500 Years	15000	0.80762
Northern Segment	Corridor Segment	Change Component	15500-16000 Years	15500	0.36675
Northern Segment	Corridor Segment	Change Component	16000-16500 Years	16000	-0.12039
Northern Segment	Corridor Segment	Change Component	16500-17000 Years	16500	0.32678
Northern Segment	Corridor Segment	Change Component	17000-17500 Years	17000	0.52761
Northern Segment	Corridor Segment	Change Component	17500-18000 Years	17500	1.1735
Northern Segment	Corridor Segment	Change Component	18000-18500 Years	18000	1.98034
Northern Segment	Corridor Segment	Change Component	18500-19000 Years	18500	1.78895
Northern Segment	Corridor Segment	Change Component	19000-19500 Years	19000	1.34484
Northern Segment	Corridor Segment	Change Component	19500-20000 Years	19500	0.03183
Panxi and Liangshan	Sichuan Region	Change Component	0-500 Years	0	0.66137
Panxi and Liangshan	Sichuan Region	Change Component	500-1000 Years	500	0.71357
Panxi and Liangshan	Sichuan Region	Change Component	1000-1500 Years	1000	-0.19625
Panxi and Liangshan	Sichuan Region	Change Component	1500-2000 Years	1500	-0.65388
Panxi and Liangshan	Sichuan Region	Change Component	2000-2500 Years	2000	-0.14116
Panxi and Liangshan	Sichuan Region	Change Component	2500-3000 Years	2500	-2.00916
Panxi and Liangshan	Sichuan Region	Change Component	3000-3500 Years	3000	-1.78659
Panxi and Liangshan	Sichuan Region	Change Component	3500-4000 Years	3500	-0.36403
Panxi and Liangshan	Sichuan Region	Change Component	4000-4500 Years	4000	0.63553
Panxi and Liangshan	Sichuan Region	Change Component	4500-5000 Years	4500	0.493
Panxi and Liangshan	Sichuan Region	Change Component	5000-5500 Years	5000	0.09836
Panxi and Liangshan	Sichuan Region	Change Component	5500-6000 Years	5500	-0.32056
Panxi and Liangshan	Sichuan Region	Change Component	6000-6500 Years	6000	0.78445
Panxi and Liangshan	Sichuan Region	Change Component	6500-7000 Years	6500	0.53945
Panxi and Liangshan	Sichuan Region	Change Component	7000-7500 Years	7000	0.2517
Panxi and Liangshan	Sichuan Region	Change Component	7500-8000 Years	7500	0.3037
Panxi and Liangshan	Sichuan Region	Change Component	8000-8500 Years	8000	0.23818
Panxi and Liangshan	Sichuan Region	Change Component	8500-9000 Years	8500	1.18929
Panxi and Liangshan	Sichuan Region	Change Component	9000-9500 Years	9000	0.67703
Panxi and Liangshan	Sichuan Region	Change Component	9500-10000 Years	9500	0.46312
Panxi and Liangshan	Sichuan Region	Change Component	10000-10500 Years	10000	1.8e-4
Panxi and Liangshan	Sichuan Region	Change Component	10500-11000 Years	10500	0.49689
Panxi and Liangshan	Sichuan Region	Change Component	11000-11500 Years	11000	0.31958
Panxi and Liangshan	Sichuan Region	Change Component	11500-12000 Years	11500	-0.55268
Panxi and Liangshan	Sichuan Region	Change Component	12000-12500 Years	12000	0.06809
Panxi and Liangshan	Sichuan Region	Change Component	12500-13000 Years	12500	-1.54384
Panxi and Liangshan	Sichuan Region	Change Component	13000-13500 Years	13000	-2.13937
Panxi and Liangshan	Sichuan Region	Change Component	13500-14000 Years	13500	-1.66883
Panxi and Liangshan	Sichuan Region	Change Component	14000-14500 Years	14000	-1.08572
Panxi and Liangshan	Sichuan Region	Change Component	14500-15000 Years	14500	-1.4387
Panxi and Liangshan	Sichuan Region	Change Component	15000-15500 Years	15000	-1.37655
Panxi and Liangshan	Sichuan Region	Change Component	15500-16000 Years	15500	-0.673
Panxi and Liangshan	Sichuan Region	Change Component	16000-16500 Years	16000	-0.70468
Panxi and Liangshan	Sichuan Region	Change Component	16500-17000 Years	16500	-0.80222
Panxi and Liangshan	Sichuan Region	Change Component	17000-17500 Years	17000	-0.49416
Panxi and Liangshan	Sichuan Region	Change Component	17500-18000 Years	17500	-0.54501
Panxi and Liangshan	Sichuan Region	Change Component	18000-18500 Years	18000	-0.52555
Qinghai-Tibet Plateau Core	Highland	Change Component	0-500 Years	0	0.38691
Qinghai-Tibet Plateau Core	Highland	Change Component	500-1000 Years	500	0.14101
Qinghai-Tibet Plateau Core	Highland	Change Component	1000-1500 Years	1000	-0.73251
Qinghai-Tibet Plateau Core	Highland	Change Component	1500-2000 Years	1500	-0.07371
Qinghai-Tibet Plateau Core	Highland	Change Component	2000-2500 Years	2000	0.92352
Qinghai-Tibet Plateau Core	Highland	Change Component	2500-3000 Years	2500	0.27384
Qinghai-Tibet Plateau Core	Highland	Change Component	3000-3500 Years	3000	-0.25232
Qinghai-Tibet Plateau Core	Highland	Change Component	3500-4000 Years	3500	0.04402
Qinghai-Tibet Plateau Core	Highland	Change Component	4000-4500 Years	4000	0.02142
Qinghai-Tibet Plateau Core	Highland	Change Component	4500-5000 Years	4500	-0.73301
Qinghai-Tibet Plateau Core	Highland	Change Component	5000-5500 Years	5000	-0.63303
Qinghai-Tibet Plateau Core	Highland	Change Component	5500-6000 Years	5500	-0.26901
Qinghai-Tibet Plateau Core	Highland	Change Component	6000-6500 Years	6000	-0.23246
Qinghai-Tibet Plateau Core	Highland	Change Component	6500-7000 Years	6500	-0.8994
Qinghai-Tibet Plateau Core	Highland	Change Component	7000-7500 Years	7000	-0.61127
Qinghai-Tibet Plateau Core	Highland	Change Component	7500-8000 Years	7500	0.06266
Qinghai-Tibet Plateau Core	Highland	Change Component	8000-8500 Years	8000	-0.92427
Qinghai-Tibet Plateau Core	Highland	Change Component	8500-9000 Years	8500	0.82341
Qinghai-Tibet Plateau Core	Highland	Change Component	9000-9500 Years	9000	0.48745
Qinghai-Tibet Plateau Core	Highland	Change Component	9500-10000 Years	9500	-1.03758
Qinghai-Tibet Plateau Core	Highland	Change Component	10000-10500 Years	10000	-0.69577
Qinghai-Tibet Plateau Core	Highland	Change Component	10500-11000 Years	10500	-0.95869
Qinghai-Tibet Plateau Core	Highland	Change Component	11000-11500 Years	11000	0.28963
Qinghai-Tibet Plateau Core	Highland	Change Component	11500-12000 Years	11500	0.00396
Qinghai-Tibet Plateau Core	Highland	Change Component	12000-12500 Years	12000	-0.32938
Qinghai-Tibet Plateau Core	Highland	Change Component	12500-13000 Years	12500	0.63059
Qinghai-Tibet Plateau Core	Highland	Change Component	13000-13500 Years	13000	0.52636
Qinghai-Tibet Plateau Core	Highland	Change Component	13500-14000 Years	13500	0.18751
Qinghai-Tibet Plateau Core	Highland	Change Component	14000-14500 Years	14000	-0.1928
Qinghai-Tibet Plateau Core	Highland	Change Component	14500-15000 Years	14500	8.2e-4
Qinghai-Tibet Plateau Core	Highland	Change Component	15000-15500 Years	15000	0.12058
Qinghai-Tibet Plateau Core	Highland	Change Component	15500-16000 Years	15500	0.14248
Qinghai-Tibet Plateau Core	Highland	Change Component	16000-16500 Years	16000	0.02245
Qinghai-Tibet Plateau Core	Highland	Change Component	16500-17000 Years	16500	-0.35431
Qinghai-Tibet Plateau Core	Highland	Change Component	17000-17500 Years	17000	-0.60507
Qinghai-Tibet Plateau Core	Highland	Change Component	17500-18000 Years	17500	-0.72452
Qinghai-Tibet Plateau Core	Highland	Change Component	18000-18500 Years	18000	-1.11385
Qinghai-Tibet Plateau Core	Highland	Change Component	18500-19000 Years	18500	-0.34964
Qinghai-Tibet Plateau Core	Highland	Change Component	19000-19500 Years	19000	-0.03857
Qinghai-Tibet Plateau Core	Highland	Change Component	19500-20000 Years	19500	-1.16762
Sichuan Basin	Sichuan Region	Change Component	0-500 Years	0	-2.11832
Sichuan Basin	Sichuan Region	Change Component	500-1000 Years	500	-1.80592
Sichuan Basin	Sichuan Region	Change Component	1000-1500 Years	1000	1.75608
Sichuan Basin	Sichuan Region	Change Component	1500-2000 Years	1500	2.4791
Sichuan Basin	Sichuan Region	Change Component	2000-2500 Years	2000	0.06462
Sichuan Basin	Sichuan Region	Change Component	2500-3000 Years	2500	0.91606
Sichuan Basin	Sichuan Region	Change Component	3000-3500 Years	3000	0.87238
Sichuan Basin	Sichuan Region	Change Component	3500-4000 Years	3500	-1.61738
Sichuan Basin	Sichuan Region	Change Component	4000-4500 Years	4000	-1.30565
Sichuan Basin	Sichuan Region	Change Component	4500-5000 Years	4500	1.68091
Sichuan Basin	Sichuan Region	Change Component	5000-5500 Years	5000	1.25475
Sichuan Basin	Sichuan Region	Change Component	5500-6000 Years	5500	-1.25509
Sichuan Basin	Sichuan Region	Change Component	6000-6500 Years	6000	-2.06261
Sichuan Basin	Sichuan Region	Change Component	6500-7000 Years	6500	2.17174
Sichuan Basin	Sichuan Region	Change Component	7000-7500 Years	7000	1.91604
Sichuan Basin	Sichuan Region	Change Component	7500-8000 Years	7500	-0.79843
Sichuan Basin	Sichuan Region	Change Component	8000-8500 Years	8000	0.87773
Sichuan Basin	Sichuan Region	Change Component	8500-9000 Years	8500	-1.10368
Sichuan Basin	Sichuan Region	Change Component	9000-9500 Years	9000	-1.34396
Sichuan Basin	Sichuan Region	Change Component	9500-10000 Years	9500	1.3462
Sichuan Basin	Sichuan Region	Change Component	10000-10500 Years	10000	2.32237
Sichuan Basin	Sichuan Region	Change Component	10500-11000 Years	10500	1.8455
Sichuan Basin	Sichuan Region	Change Component	11000-11500 Years	11000	-2.35183
Southern Segment	Corridor Segment	Change Component	0-500 Years	0	-1.17425
Southern Segment	Corridor Segment	Change Component	500-1000 Years	500	-1.1048
Southern Segment	Corridor Segment	Change Component	1000-1500 Years	1000	0.70634
Southern Segment	Corridor Segment	Change Component	1500-2000 Years	1500	0.18357
Southern Segment	Corridor Segment	Change Component	2000-2500 Years	2000	-2.23672
Southern Segment	Corridor Segment	Change Component	2500-3000 Years	2500	0.25047
Southern Segment	Corridor Segment	Change Component	3000-3500 Years	3000	1.58222
Southern Segment	Corridor Segment	Change Component	3500-4000 Years	3500	-0.61292
Southern Segment	Corridor Segment	Change Component	4000-4500 Years	4000	-1.80534
Southern Segment	Corridor Segment	Change Component	4500-5000 Years	4500	0.73556
Southern Segment	Corridor Segment	Change Component	5000-5500 Years	5000	1.63014
Southern Segment	Corridor Segment	Change Component	5500-6000 Years	5500	1.91723
Southern Segment	Corridor Segment	Change Component	6000-6500 Years	6000	0.01136
Southern Segment	Corridor Segment	Change Component	6500-7000 Years	6500	0.24316
Southern Segment	Corridor Segment	Change Component	7000-7500 Years	7000	-1.08375
Southern Segment	Corridor Segment	Change Component	7500-8000 Years	7500	-1.85669
Southern Segment	Corridor Segment	Change Component	8000-8500 Years	8000	0.37684
Southern Segment	Corridor Segment	Change Component	8500-9000 Years	8500	-1.49682
Southern Segment	Corridor Segment	Change Component	9000-9500 Years	9000	-2.03372
Western Highland	Highland	Change Component	0-500 Years	0	0.42558
Western Highland	Highland	Change Component	500-1000 Years	500	0.26361
Western Highland	Highland	Change Component	1000-1500 Years	1000	-0.55755999999999994
Western Highland	Highland	Change Component	1500-2000 Years	1500	-0.07852
Western Highland	Highland	Change Component	2000-2500 Years	2000	1.02754
Western Highland	Highland	Change Component	2500-3000 Years	2500	0.66406
Western Highland	Highland	Change Component	3000-3500 Years	3000	0.02987
Western Highland	Highland	Change Component	3500-4000 Years	3500	0.033890000000000003
Western Highland	Highland	Change Component	4000-4500 Years	4000	0.03411
Western Highland	Highland	Change Component	4500-5000 Years	4500	-0.69438
Western Highland	Highland	Change Component	5000-5500 Years	5000	-0.57877
Western Highland	Highland	Change Component	5500-6000 Years	5500	0.04639
Western Highland	Highland	Change Component	6000-6500 Years	6000	-0.02297
Western Highland	Highland	Change Component	6500-7000 Years	6500	-1.1936
Western Highland	Highland	Change Component	7000-7500 Years	7000	-0.98411
Western Highland	Highland	Change Component	7500-8000 Years	7500	-0.36338
Western Highland	Highland	Change Component	8000-8500 Years	8000	-1.77502
Western Highland	Highland	Change Component	8500-9000 Years	8500	0.25884
Western Highland	Highland	Change Component	9000-9500 Years	9000	0.45983
Western Highland	Highland	Change Component	9500-10000 Years	9500	-0.92523
Western Highland	Highland	Change Component	10000-10500 Years	10000	-0.64991
Western Highland	Highland	Change Component	10500-11000 Years	10500	-1.3332
Western Highland	Highland	Change Component	11000-11500 Years	11000	0.13555
Western Highland	Highland	Change Component	11500-12000 Years	11500	-0.03685
Western Highland	Highland	Change Component	12000-12500 Years	12000	-0.58313
Western Highland	Highland	Change Component	12500-13000 Years	12500	0.08443
Western Highland	Highland	Change Component	13000-13500 Years	13000	0.4486
Western Highland	Highland	Change Component	13500-14000 Years	13500	-0.11099
Western Highland	Highland	Change Component	14000-14500 Years	14000	-0.22066
Western Highland	Highland	Change Component	14500-15000 Years	14500	-0.18571
Western Highland	Highland	Change Component	15000-15500 Years	15000	-0.33007
Western Highland	Highland	Change Component	15500-16000 Years	15500	-0.53403
Western Highland	Highland	Change Component	16000-16500 Years	16000	-0.20609
Western Highland	Highland	Change Component	16500-17000 Years	16500	-0.28244
Western Highland	Highland	Change Component	17000-17500 Years	17000	-0.41609
Western Highland	Highland	Change Component	17500-18000 Years	17500	-0.77013
Western Highland	Highland	Change Component	18000-18500 Years	18000	-0.4342
Western Highland	Highland	Change Component	18500-19000 Years	18500	-0.1156
Western Highland	Highland	Change Component	19000-19500 Years	19000	-0.00621
Western Highland	Highland	Change Component	19500-20000 Years	19500	-0.42976
Central Segment	Corridor Segment	Level Component	0-500 Years	0	-0.73003
Central Segment	Corridor Segment	Level Component	500-1000 Years	500	-0.45897
Central Segment	Corridor Segment	Level Component	1000-1500 Years	1000	-0.26963
Central Segment	Corridor Segment	Level Component	1500-2000 Years	1500	-0.89589
Central Segment	Corridor Segment	Level Component	2000-2500 Years	2000	-1.18685
Central Segment	Corridor Segment	Level Component	2500-3000 Years	2500	-0.95751
Central Segment	Corridor Segment	Level Component	3000-3500 Years	3000	-0.84588
Central Segment	Corridor Segment	Level Component	3500-4000 Years	3500	-0.34716
Central Segment	Corridor Segment	Level Component	4000-4500 Years	4000	-0.41917
Central Segment	Corridor Segment	Level Component	4500-5000 Years	4500	-0.05971
Central Segment	Corridor Segment	Level Component	5000-5500 Years	5000	-0.34672
Central Segment	Corridor Segment	Level Component	5500-6000 Years	5500	-0.22931000000000001
Central Segment	Corridor Segment	Level Component	6000-6500 Years	6000	-0.06039
Central Segment	Corridor Segment	Level Component	6500-7000 Years	6500	-0.98197
Central Segment	Corridor Segment	Level Component	7000-7500 Years	7000	-0.76887
Central Segment	Corridor Segment	Level Component	7500-8000 Years	7500	-1.0265
Central Segment	Corridor Segment	Level Component	8000-8500 Years	8000	-0.9687
Central Segment	Corridor Segment	Level Component	8500-9000 Years	8500	-1.01653
Central Segment	Corridor Segment	Level Component	9000-9500 Years	9000	-0.89825
Central Segment	Corridor Segment	Level Component	9500-10000 Years	9500	-0.97172
Central Segment	Corridor Segment	Level Component	10000-10500 Years	10000	-0.82957
Central Segment	Corridor Segment	Level Component	10500-11000 Years	10500	-0.98886
Central Segment	Corridor Segment	Level Component	11000-11500 Years	11000	-0.91521
Central Segment	Corridor Segment	Level Component	11500-12000 Years	11500	-1.41872
Central Segment	Corridor Segment	Level Component	12000-12500 Years	12000	-0.90504
Central Segment	Corridor Segment	Level Component	12500-13000 Years	12500	-1.29736
Central Segment	Corridor Segment	Level Component	13000-13500 Years	13000	-1.37732
Central Segment	Corridor Segment	Level Component	13500-14000 Years	13500	-1.24258
Central Segment	Corridor Segment	Level Component	14000-14500 Years	14000	-1.17609
Central Segment	Corridor Segment	Level Component	14500-15000 Years	14500	-1.5459
Central Segment	Corridor Segment	Level Component	15000-15500 Years	15000	-1.77697
Central Segment	Corridor Segment	Level Component	15500-16000 Years	15500	-0.93172
Central Segment	Corridor Segment	Level Component	16000-16500 Years	16000	-1.4337
Central Segment	Corridor Segment	Level Component	16500-17000 Years	16500	-1.3764
Central Segment	Corridor Segment	Level Component	17000-17500 Years	17000	-0.21591
Central Segment	Corridor Segment	Level Component	17500-18000 Years	17500	-1.37767
Central Segment	Corridor Segment	Level Component	18000-18500 Years	18000	-1.80977
Central Segment	Corridor Segment	Level Component	18500-19000 Years	18500	-0.82179
Central Segment	Corridor Segment	Level Component	19000-19500 Years	19000	-0.87512
Central Segment	Corridor Segment	Level Component	19500-20000 Years	19500	-0.76833
North China	Northern Lowland	Level Component	0-500 Years	0	-0.16919
North China	Northern Lowland	Level Component	500-1000 Years	500	0.21191
North China	Northern Lowland	Level Component	1000-1500 Years	1000	0.22706
North China	Northern Lowland	Level Component	1500-2000 Years	1500	-0.10905
North China	Northern Lowland	Level Component	2000-2500 Years	2000	0.38908
North China	Northern Lowland	Level Component	2500-3000 Years	2500	0.83541
North China	Northern Lowland	Level Component	3000-3500 Years	3000	0.51473
North China	Northern Lowland	Level Component	3500-4000 Years	3500	0.85768
North China	Northern Lowland	Level Component	4000-4500 Years	4000	0.20474
North China	Northern Lowland	Level Component	4500-5000 Years	4500	-0.14514
North China	Northern Lowland	Level Component	5000-5500 Years	5000	0.142
North China	Northern Lowland	Level Component	5500-6000 Years	5500	1.15374
North China	Northern Lowland	Level Component	6000-6500 Years	6000	0.84349
North China	Northern Lowland	Level Component	6500-7000 Years	6500	0.76549
North China	Northern Lowland	Level Component	7000-7500 Years	7000	1.38542
North China	Northern Lowland	Level Component	7500-8000 Years	7500	0.94851
North China	Northern Lowland	Level Component	8000-8500 Years	8000	0.57247
North China	Northern Lowland	Level Component	8500-9000 Years	8500	1.1141
North China	Northern Lowland	Level Component	9000-9500 Years	9000	0.01643
North China	Northern Lowland	Level Component	9500-10000 Years	9500	0.50174
North China	Northern Lowland	Level Component	10000-10500 Years	10000	0.05166
North China	Northern Lowland	Level Component	10500-11000 Years	10500	0.68771
North China	Northern Lowland	Level Component	11000-11500 Years	11000	0.19715
North China	Northern Lowland	Level Component	11500-12000 Years	11500	1.41794
North China	Northern Lowland	Level Component	12000-12500 Years	12000	1.25509
North China	Northern Lowland	Level Component	12500-13000 Years	12500	1.29355
North China	Northern Lowland	Level Component	13000-13500 Years	13000	1.49236
North China	Northern Lowland	Level Component	13500-14000 Years	13500	1.46809
North China	Northern Lowland	Level Component	14000-14500 Years	14000	1.41232
North China	Northern Lowland	Level Component	14500-15000 Years	14500	1.58759
North China	Northern Lowland	Level Component	15000-15500 Years	15000	1.29524
North China	Northern Lowland	Level Component	15500-16000 Years	15500	1.16725
North China	Northern Lowland	Level Component	16000-16500 Years	16000	1.31319
North China	Northern Lowland	Level Component	16500-17000 Years	16500	0.11528
North China	Northern Lowland	Level Component	17000-17500 Years	17000	0.57281
North China	Northern Lowland	Level Component	17500-18000 Years	17500	-1.15012
North China	Northern Lowland	Level Component	18000-18500 Years	18000	-0.07826
North China	Northern Lowland	Level Component	18500-19000 Years	18500	-1.4487
North China	Northern Lowland	Level Component	19000-19500 Years	19000	-1.30232
Northern Segment	Corridor Segment	Level Component	0-500 Years	0	-0.08876
Northern Segment	Corridor Segment	Level Component	500-1000 Years	500	0.31392
Northern Segment	Corridor Segment	Level Component	1000-1500 Years	1000	0.35255
Northern Segment	Corridor Segment	Level Component	1500-2000 Years	1500	0.24679
Northern Segment	Corridor Segment	Level Component	2000-2500 Years	2000	0.71834
Northern Segment	Corridor Segment	Level Component	2500-3000 Years	2500	0.41772
Northern Segment	Corridor Segment	Level Component	3000-3500 Years	3000	-0.03841
Northern Segment	Corridor Segment	Level Component	3500-4000 Years	3500	-0.17181
Northern Segment	Corridor Segment	Level Component	4000-4500 Years	4000	-0.2135
Northern Segment	Corridor Segment	Level Component	4500-5000 Years	4500	-0.15379
Northern Segment	Corridor Segment	Level Component	5000-5500 Years	5000	-0.15384
Northern Segment	Corridor Segment	Level Component	5500-6000 Years	5500	0.09624
Northern Segment	Corridor Segment	Level Component	6000-6500 Years	6000	0.04502
Northern Segment	Corridor Segment	Level Component	6500-7000 Years	6500	-0.1284
Northern Segment	Corridor Segment	Level Component	7000-7500 Years	7000	0.03045
Northern Segment	Corridor Segment	Level Component	7500-8000 Years	7500	0.10452
Northern Segment	Corridor Segment	Level Component	8000-8500 Years	8000	-0.00256
Northern Segment	Corridor Segment	Level Component	8500-9000 Years	8500	0.28746
Northern Segment	Corridor Segment	Level Component	9000-9500 Years	9000	-0.1032
Northern Segment	Corridor Segment	Level Component	9500-10000 Years	9500	0.59234
Northern Segment	Corridor Segment	Level Component	10000-10500 Years	10000	0.28793
Northern Segment	Corridor Segment	Level Component	10500-11000 Years	10500	0.89491
Northern Segment	Corridor Segment	Level Component	11000-11500 Years	11000	0.25458
Northern Segment	Corridor Segment	Level Component	11500-12000 Years	11500	0.84344
Northern Segment	Corridor Segment	Level Component	12000-12500 Years	12000	0.95998000000000006
Northern Segment	Corridor Segment	Level Component	12500-13000 Years	12500	0.78302
Northern Segment	Corridor Segment	Level Component	13000-13500 Years	13000	0.82245
Northern Segment	Corridor Segment	Level Component	13500-14000 Years	13500	0.61042
Northern Segment	Corridor Segment	Level Component	14000-14500 Years	14000	0.81026
Northern Segment	Corridor Segment	Level Component	14500-15000 Years	14500	0.75897
Northern Segment	Corridor Segment	Level Component	15000-15500 Years	15000	0.8281
Northern Segment	Corridor Segment	Level Component	15500-16000 Years	15500	0.44752
Northern Segment	Corridor Segment	Level Component	16000-16500 Years	16000	1.17106
Northern Segment	Corridor Segment	Level Component	16500-17000 Years	16500	0.76597
Northern Segment	Corridor Segment	Level Component	17000-17500 Years	17000	1.20869
Northern Segment	Corridor Segment	Level Component	17500-18000 Years	17500	0.81977
Northern Segment	Corridor Segment	Level Component	18000-18500 Years	18000	1.38949
Northern Segment	Corridor Segment	Level Component	18500-19000 Years	18500	0.20345
Northern Segment	Corridor Segment	Level Component	19000-19500 Years	19000	0.00932
Northern Segment	Corridor Segment	Level Component	19500-20000 Years	19500	-1.19502
Panxi and Liangshan	Sichuan Region	Level Component	0-500 Years	0	-0.92143
Panxi and Liangshan	Sichuan Region	Level Component	500-1000 Years	500	-1.21195
Panxi and Liangshan	Sichuan Region	Level Component	1000-1500 Years	1000	-1.14312
Panxi and Liangshan	Sichuan Region	Level Component	1500-2000 Years	1500	-1.02692
Panxi and Liangshan	Sichuan Region	Level Component	2000-2500 Years	2000	-1.41413
Panxi and Liangshan	Sichuan Region	Level Component	2500-3000 Years	2500	-1.09109
Panxi and Liangshan	Sichuan Region	Level Component	3000-3500 Years	3000	-0.53321
Panxi and Liangshan	Sichuan Region	Level Component	3500-4000 Years	3500	-0.3752
Panxi and Liangshan	Sichuan Region	Level Component	4000-4500 Years	4000	-0.56666
Panxi and Liangshan	Sichuan Region	Level Component	4500-5000 Years	4500	-0.17903
Panxi and Liangshan	Sichuan Region	Level Component	5000-5500 Years	5000	-0.44392
Panxi and Liangshan	Sichuan Region	Level Component	5500-6000 Years	5500	-1.0993
Panxi and Liangshan	Sichuan Region	Level Component	6000-6500 Years	6000	-0.59803
Panxi and Liangshan	Sichuan Region	Level Component	6500-7000 Years	6500	-0.30471
Panxi and Liangshan	Sichuan Region	Level Component	7000-7500 Years	7000	-0.83285
Panxi and Liangshan	Sichuan Region	Level Component	7500-8000 Years	7500	-1.22107
Panxi and Liangshan	Sichuan Region	Level Component	8000-8500 Years	8000	-0.93867
Panxi and Liangshan	Sichuan Region	Level Component	8500-9000 Years	8500	-1.42115
Panxi and Liangshan	Sichuan Region	Level Component	9000-9500 Years	9000	-1.05147
Panxi and Liangshan	Sichuan Region	Level Component	9500-10000 Years	9500	-1.06414
Panxi and Liangshan	Sichuan Region	Level Component	10000-10500 Years	10000	-0.93058
Panxi and Liangshan	Sichuan Region	Level Component	10500-11000 Years	10500	-1.79036
Panxi and Liangshan	Sichuan Region	Level Component	11000-11500 Years	11000	-1.10064
Panxi and Liangshan	Sichuan Region	Level Component	11500-12000 Years	11500	-1.09232
Panxi and Liangshan	Sichuan Region	Level Component	12000-12500 Years	12000	-1.60704
Panxi and Liangshan	Sichuan Region	Level Component	12500-13000 Years	12500	-1.36036
Panxi and Liangshan	Sichuan Region	Level Component	13000-13500 Years	13000	-1.08076
Panxi and Liangshan	Sichuan Region	Level Component	13500-14000 Years	13500	-1.32611
Panxi and Liangshan	Sichuan Region	Level Component	14000-14500 Years	14000	-1.36364
Panxi and Liangshan	Sichuan Region	Level Component	14500-15000 Years	14500	-0.70533
Panxi and Liangshan	Sichuan Region	Level Component	15000-15500 Years	15000	-0.63038
Panxi and Liangshan	Sichuan Region	Level Component	15500-16000 Years	15500	-1.71778
Panxi and Liangshan	Sichuan Region	Level Component	16000-16500 Years	16000	-0.89404
Panxi and Liangshan	Sichuan Region	Level Component	16500-17000 Years	16500	-1.34549
Panxi and Liangshan	Sichuan Region	Level Component	17000-17500 Years	17000	-2.00216
Panxi and Liangshan	Sichuan Region	Level Component	17500-18000 Years	17500	-0.26039
Panxi and Liangshan	Sichuan Region	Level Component	18000-18500 Years	18000	-0.38257
Qinghai-Tibet Plateau Core	Highland	Level Component	0-500 Years	0	-0.5987
Qinghai-Tibet Plateau Core	Highland	Level Component	500-1000 Years	500	-0.75013
Qinghai-Tibet Plateau Core	Highland	Level Component	1000-1500 Years	1000	-0.8708
Qinghai-Tibet Plateau Core	Highland	Level Component	1500-2000 Years	1500	-0.38063
Qinghai-Tibet Plateau Core	Highland	Level Component	2000-2500 Years	2000	-0.33784
Qinghai-Tibet Plateau Core	Highland	Level Component	2500-3000 Years	2500	-0.89858
Qinghai-Tibet Plateau Core	Highland	Level Component	3000-3500 Years	3000	-1.03178
Qinghai-Tibet Plateau Core	Highland	Level Component	3500-4000 Years	3500	-1.10929
Qinghai-Tibet Plateau Core	Highland	Level Component	4000-4500 Years	4000	-0.97229
Qinghai-Tibet Plateau Core	Highland	Level Component	4500-5000 Years	4500	-1.09148
Qinghai-Tibet Plateau Core	Highland	Level Component	5000-5500 Years	5000	-1.04234
Qinghai-Tibet Plateau Core	Highland	Level Component	5500-6000 Years	5500	-0.98478
Qinghai-Tibet Plateau Core	Highland	Level Component	6000-6500 Years	6000	-1.01158
Qinghai-Tibet Plateau Core	Highland	Level Component	6500-7000 Years	6500	-0.71672
Qinghai-Tibet Plateau Core	Highland	Level Component	7000-7500 Years	7000	-0.68509
Qinghai-Tibet Plateau Core	Highland	Level Component	7500-8000 Years	7500	-0.57191
Qinghai-Tibet Plateau Core	Highland	Level Component	8000-8500 Years	8000	-0.66364
Qinghai-Tibet Plateau Core	Highland	Level Component	8500-9000 Years	8500	-0.61016
Qinghai-Tibet Plateau Core	Highland	Level Component	9000-9500 Years	9000	-0.55767
Qinghai-Tibet Plateau Core	Highland	Level Component	9500-10000 Years	9500	-0.34044
Qinghai-Tibet Plateau Core	Highland	Level Component	10000-10500 Years	10000	-0.32113
Qinghai-Tibet Plateau Core	Highland	Level Component	10500-11000 Years	10500	0.03788
Qinghai-Tibet Plateau Core	Highland	Level Component	11000-11500 Years	11000	-0.26047
Qinghai-Tibet Plateau Core	Highland	Level Component	11500-12000 Years	11500	0.26786
Qinghai-Tibet Plateau Core	Highland	Level Component	12000-12500 Years	12000	0.3179
Qinghai-Tibet Plateau Core	Highland	Level Component	12500-13000 Years	12500	0.36476
Qinghai-Tibet Plateau Core	Highland	Level Component	13000-13500 Years	13000	0.17437
Qinghai-Tibet Plateau Core	Highland	Level Component	13500-14000 Years	13500	0.40225
Qinghai-Tibet Plateau Core	Highland	Level Component	14000-14500 Years	14000	0.3257
Qinghai-Tibet Plateau Core	Highland	Level Component	14500-15000 Years	14500	0.0288
Qinghai-Tibet Plateau Core	Highland	Level Component	15000-15500 Years	15000	0.28569
Qinghai-Tibet Plateau Core	Highland	Level Component	15500-16000 Years	15500	0.31358
Qinghai-Tibet Plateau Core	Highland	Level Component	16000-16500 Years	16000	-0.21444
Qinghai-Tibet Plateau Core	Highland	Level Component	16500-17000 Years	16500	0.94488
Qinghai-Tibet Plateau Core	Highland	Level Component	17000-17500 Years	17000	0.04453
Qinghai-Tibet Plateau Core	Highland	Level Component	17500-18000 Years	17500	0.75826
Qinghai-Tibet Plateau Core	Highland	Level Component	18000-18500 Years	18000	0.79648
Qinghai-Tibet Plateau Core	Highland	Level Component	18500-19000 Years	18500	1.18881
Qinghai-Tibet Plateau Core	Highland	Level Component	19000-19500 Years	19000	1.39039
Qinghai-Tibet Plateau Core	Highland	Level Component	19500-20000 Years	19500	1.14633
Sichuan Basin	Sichuan Region	Level Component	0-500 Years	0	2.17761
Sichuan Basin	Sichuan Region	Level Component	500-1000 Years	500	2.0619
Sichuan Basin	Sichuan Region	Level Component	1000-1500 Years	1000	2.04278
Sichuan Basin	Sichuan Region	Level Component	1500-2000 Years	1500	2.35026
Sichuan Basin	Sichuan Region	Level Component	2000-2500 Years	2000	0.44781
Sichuan Basin	Sichuan Region	Level Component	2500-3000 Years	2500	1.43214
Sichuan Basin	Sichuan Region	Level Component	3000-3500 Years	3000	1.18683
Sichuan Basin	Sichuan Region	Level Component	3500-4000 Years	3500	1.84124
Sichuan Basin	Sichuan Region	Level Component	4000-4500 Years	4000	1.55156
Sichuan Basin	Sichuan Region	Level Component	4500-5000 Years	4500	1.93937
Sichuan Basin	Sichuan Region	Level Component	5000-5500 Years	5000	1.43804
Sichuan Basin	Sichuan Region	Level Component	5500-6000 Years	5500	1.30934
Sichuan Basin	Sichuan Region	Level Component	6000-6500 Years	6000	1.96864
Sichuan Basin	Sichuan Region	Level Component	6500-7000 Years	6500	2.11649
Sichuan Basin	Sichuan Region	Level Component	7000-7500 Years	7000	1.79021
Sichuan Basin	Sichuan Region	Level Component	7500-8000 Years	7500	0.95188
Sichuan Basin	Sichuan Region	Level Component	8000-8500 Years	8000	1.55492
Sichuan Basin	Sichuan Region	Level Component	8500-9000 Years	8500	1.14875
Sichuan Basin	Sichuan Region	Level Component	9000-9500 Years	9000	1.52172
Sichuan Basin	Sichuan Region	Level Component	9500-10000 Years	9500	1.94165
Sichuan Basin	Sichuan Region	Level Component	10000-10500 Years	10000	2.2384
Sichuan Basin	Sichuan Region	Level Component	10500-11000 Years	10500	1.23898
Sichuan Basin	Sichuan Region	Level Component	11000-11500 Years	11000	2.16027
Southern Segment	Corridor Segment	Level Component	0-500 Years	0	1.00978
Southern Segment	Corridor Segment	Level Component	500-1000 Years	500	0.73797
Southern Segment	Corridor Segment	Level Component	1000-1500 Years	1000	0.68383
Southern Segment	Corridor Segment	Level Component	1500-2000 Years	1500	0.34613
Southern Segment	Corridor Segment	Level Component	2000-2500 Years	2000	1.8434
Southern Segment	Corridor Segment	Level Component	2500-3000 Years	2500	1.16234
Southern Segment	Corridor Segment	Level Component	3000-3500 Years	3000	1.78472
Southern Segment	Corridor Segment	Level Component	3500-4000 Years	3500	0.67965
Southern Segment	Corridor Segment	Level Component	4000-4500 Years	4000	1.61775
Southern Segment	Corridor Segment	Level Component	4500-5000 Years	4500	1.05299
Southern Segment	Corridor Segment	Level Component	5000-5500 Years	5000	1.68693
Southern Segment	Corridor Segment	Level Component	5500-6000 Years	5500	1.03551
Southern Segment	Corridor Segment	Level Component	6000-6500 Years	6000	0.21936
Southern Segment	Corridor Segment	Level Component	6500-7000 Years	6500	0.35492
Southern Segment	Corridor Segment	Level Component	7000-7500 Years	7000	0.13119
Southern Segment	Corridor Segment	Level Component	7500-8000 Years	7500	1.62789
Southern Segment	Corridor Segment	Level Component	8000-8500 Years	8000	1.42622
Southern Segment	Corridor Segment	Level Component	8500-9000 Years	8500	1.19941
Southern Segment	Corridor Segment	Level Component	9000-9500 Years	9000	1.73517
Western Highland	Highland	Level Component	0-500 Years	0	-0.67929
Western Highland	Highland	Level Component	500-1000 Years	500	-0.90464
Western Highland	Highland	Level Component	1000-1500 Years	1000	-1.02268
Western Highland	Highland	Level Component	1500-2000 Years	1500	-0.53068
Western Highland	Highland	Level Component	2000-2500 Years	2000	-0.45981
Western Highland	Highland	Level Component	2500-3000 Years	2500	-0.90044
Western Highland	Highland	Level Component	3000-3500 Years	3000	-1.03701
Western Highland	Highland	Level Component	3500-4000 Years	3500	-1.37512
Western Highland	Highland	Level Component	4000-4500 Years	4000	-1.20245
Western Highland	Highland	Level Component	4500-5000 Years	4500	-1.36322
Western Highland	Highland	Level Component	5000-5500 Years	5000	-1.28014
Western Highland	Highland	Level Component	5500-6000 Years	5500	-1.28145
Western Highland	Highland	Level Component	6000-6500 Years	6000	-1.40651
Western Highland	Highland	Level Component	6500-7000 Years	6500	-1.1051
Western Highland	Highland	Level Component	7000-7500 Years	7000	-1.05045
Western Highland	Highland	Level Component	7500-8000 Years	7500	-0.81334
Western Highland	Highland	Level Component	8000-8500 Years	8000	-0.98005
Western Highland	Highland	Level Component	8500-9000 Years	8500	-0.70188
Western Highland	Highland	Level Component	9000-9500 Years	9000	-0.66272
Western Highland	Highland	Level Component	9500-10000 Years	9500	-0.65942
Western Highland	Highland	Level Component	10000-10500 Years	10000	-0.49671
Western Highland	Highland	Level Component	10500-11000 Years	10500	-0.08025
Western Highland	Highland	Level Component	11000-11500 Years	11000	-0.33568
Western Highland	Highland	Level Component	11500-12000 Years	11500	-0.01821
Western Highland	Highland	Level Component	12000-12500 Years	12000	-0.0209
Western Highland	Highland	Level Component	12500-13000 Years	12500	0.2164
Western Highland	Highland	Level Component	13000-13500 Years	13000	-0.03111
Western Highland	Highland	Level Component	13500-14000 Years	13500	0.08793
Western Highland	Highland	Level Component	14000-14500 Years	14000	-0.00856
Western Highland	Highland	Level Component	14500-15000 Years	14500	-0.12413
Western Highland	Highland	Level Component	15000-15500 Years	15000	-0.00168
Western Highland	Highland	Level Component	15500-16000 Years	15500	0.72115
Western Highland	Highland	Level Component	16000-16500 Years	16000	0.05792
Western Highland	Highland	Level Component	16500-17000 Years	16500	0.89576
Western Highland	Highland	Level Component	17000-17500 Years	17000	0.39205
Western Highland	Highland	Level Component	17500-18000 Years	17500	1.21015
Western Highland	Highland	Level Component	18000-18500 Years	18000	0.08464
Western Highland	Highland	Level Component	18500-19000 Years	18500	0.87822
Western Highland	Highland	Level Component	19000-19500 Years	19000	0.77772
Western Highland	Highland	Level Component	19500-20000 Years	19500	0.81703
