species	state
LJM25_Y_rg.bam__	GansuQinghai
LJM2_Y_rg.bam__	GansuQinghai
L8067.Y.trim.bam__	Plateau
L7053.Y.trim.bam__	Plateau
HRR660152_Y_rg.bam__	Plateau
HRR2680016.Y.bam__	GansuQinghai
HRR1385301.Y.bam__	Plateau
HRR1385290.Y.bam__	Plateau
HRR1295204_Y.bam__	SouthWest
Y_HRR2364751.bam__	GansuQinghai
Y_HRR2364744.bam__	GansuQinghai
GSRD009780A00_BB0_00_D1a1a1a1a1b1	SouthWest
Chuan10292A00_BB0_00_D1a1a1a1a1b1	SouthWest
GSRD005430A00_BB0_01_D1a1a1a1a1b1	SouthWest
GSRD009778A00_BB0_00_D1a1a1a1a1b1	SouthWest
GSRD009056A00_TS0_00_D1a1a1a1a1b1	SouthWest
YSW00402A00_BB1_01_D1a1a1a1a1b1	SouthWest
GSRD009825A00_BB0_00_D1a1a1a1a1b2	SouthWest
Chuan10108A00_BB0_00_D1a1a1a1a1b2	SouthWest
GSRD008106A01_BB0_01_D1a1a1a1a1b1	SouthWest
GSRD008106A00_BB0_01_D1a1a1a1a1b1	SouthWest
GSRD007975A00_BB1_01_D1a1a1a1a1b1	SouthWest
GSRD007975A01_BB1_02_D1a1a1a1a1b1	SouthWest
GSRD008184A00_BB1_01_D1a1a1a1a1b1	SouthWest
GSRD008184A01_BB1_01_D1a1a1a1a1b1	SouthWest
GSRD020852A00_BB1_01_D1a1a1a1a1b1	Plateau
GSRD009863A00_BB0_00_D1a1a1a1a1b1	SouthWest
WDC11806290166_D1a1a1a1a1b1	SouthWest
WDC11806290089_D1a1a1a1a1b	SouthWest
GSRD020252A00_BB1_01_D1a1a1a1a1b1	Plateau
GSRD009551A00_BB0_01_D1a1a1a1a1b1	YellowRiver
GSRD020935A00_BB1_01_D1a1a1a1a1b1	Plateau
GSRD020532A00_BB1_01_D1a1a1a1a1b1	Plateau
GSRD020533A00_BB1_01_D1a1a1a1a1b1	Plateau
GSRD020521A00_BB1_01_D1a1a1a1a1b1	Plateau
GSRD020526A00_BB1_01_D1a1a1a1a1b1	Plateau
GSRD020557A00_BB1_01_D1a1a1a1a1b1	Plateau
GSRD020931A00_BB1_01_D1a1a1a1a1b1	Plateau
GSRD008312A01_BB1_01_D1a1a1a1a1b1	SouthWest
GSRD008140A01_BB1_01_D1a1a1a1a1b1	SouthWest
GSRD008140A00_BB1_02_D1a1a1a1a1b1	SouthWest
GSRD020920A00_BB1_01_D1a1a1a1a1b1	Plateau
GSRD020207A00_BB1_01_D1a1a1a1a1b1	Plateau
GSRD019993A00_BB1_01_D1a1a1a1a1b1	Plateau
WDC11806290061_D1a1a1a1a1b1	SouthWest
WDC11806290047_D1a1a1a1a1b1	SouthWest
GSRD008247A00_BB1_01_D1a1a1a1a1b1	SouthWest
GSRD008247A01_BB1_01_D1a1a1a1a1b1	SouthWest
WDC11806290098_D1a1a1a1a1b1	SouthWest
GSRD008144A00_BB1_01_D1a1a1a1a1b1	SouthWest
GSRD008144A01_BB1_01_D1a1a1a1a1b1	SouthWest
GSRD008303A01_BB1_01_D1a1a1a1a1b1	SouthWest
GSRD008303A00_BB1_01_D1a1a1a1a1b1	SouthWest
GSRD020697A00_BB1_01_D1a1a1a1a1b1	Plateau
GSRD020530A00_BB1_01_D1a1a1a1a1b1	Plateau
GSRD020546A00_BB1_01_D1a1a1a1a1b1	Plateau
GSRD020733A00_BB1_01_D1a1a1a1a1b1	Plateau
GSRD020524A00_BB1_01_D1a1a1a1a1b1	Plateau
GSRD020361A00_BB1_01_D1a1a1a1a1b1	Plateau
GSRD020544A00_BB1_01_D1a1a1a1a1b1	Plateau
GSRD020543A00_BB1_01_D1a1a1a1a1b1	Plateau
GSRD007997A00_BB1_01_D1a1a1a1a1b1	SouthWest
GSRD007997A01_BB1_01_D1a1a1a1a1b1	SouthWest
GSRD008084A00_BB1_01_D1a1a1a1a1b1	SouthWest
GSRD020619A00_BB1_01_D1a1a1a1a1b1	Plateau
GSRD008314A01_BB1_01_D1a1a1a1a1b1	SouthWest
GSRD020965A00_BB1_01_D1a1a1a1a1b1	Plateau
GSRD020850A00_BB1_01_D1a1a1a1a1b1	Plateau
GSRD020981A00_BB1_01_D1a1a1a1a1b1	Plateau
GSRD020552A00_BB1_01_D1a1a1a1a1b1	Plateau
GSRD020572A00_BB1_01_D1a1a1a1a1b1	Plateau
GSRD020840A00_BB1_01_D1a1a1a1a1b1	Plateau
GSRD020428A00_BB1_01_D1a1a1a1a1b1	Plateau
GSRD020837A00_BB1_01_D1a1a1a1a1b1	Plateau
GSRD020391A00_BB1_01_D1a1a1a1a1b1	Plateau
GSRD008129A01_BB0_02_D1a1a1a1a1b1	SouthWest
GSRD008088A01_BB1_01_D1a1a1a1a1b1	SouthWest
GSRD008317A01_BB1_01_D1a1a1a1a1b1	SouthWest
GSRD008317A00_BB1_01_D1a1a1a1a1b1	SouthWest
GSRD020352A00_BB1_01_D1a1a1a1a1b1	Plateau
GSRD020455A00_BB1_01_D1a1a1a1a1b1	Plateau
GSRD020488A00_BB1_01_D1a1a1a1a1b1	Plateau
GSRD020991A00_BB1_01_D1a1a1a1a1b1	Plateau
GSRD020926A00_BB1_01_D1a1a1a1a1b1	Plateau
GSRD020928A00_BB1_01_D1a1a1a1a1b1	Plateau
GSRD020019A00_BB1_01_D1a1a1a1a1b1	Plateau
GSRD020065A00_BB1_01_D1a1a1a1a1b1	Plateau
GSRD020523A00_BB1_01_D1a1a1a1a1b1	Plateau
GSRD020909A00_BB1_01_D1a1a1a1a1b1	Plateau
Y_HRR2695345.bam__	YellowRiver
Y_HRR1257504.remap.sorted_rg.bam__	SouthWest
L8796.Y.trim.Y.Dedup.bam__	Plateau
L8063.Y.trim.bam__	Plateau
HRR660149_Y_rg.bam__	Plateau
HRR1385303.Y.bam__	Plateau
HRR1385287.Y.bam__	Plateau
YSW00492A00_BB0_00_D1a1a1a1b	SouthWest
GSRD008320A01_BB1_01_D1a1a1a1b	SouthWest
GSRD008157A01_BB1_01_D1a1a1a1b	SouthWest
GSRD008057A00_BB1_01_D1a1a1a1b	SouthWest
GSRD008057A01_BB1_01_D1a1a1a1b	SouthWest
WDC11806290049_D1a1a1a1b	SouthWest
WDC11806290077_D1a1a1a1b	SouthWest
WDC11806290062_D1a1a1a1b	SouthWest
GSRD020389A00_BB1_01_D1a1a1a1b	Plateau
GSRD008171A00_BB1_01_D1a1a1a1b	SouthWest
GSRD008171A01_BB1_01_D1a1a1a1b	SouthWest
GSRD008047A01_BB1_01_D1a1a1a1b	SouthWest
GSRD020327A00_BB1_01_D1a1a1a1b	Plateau
GSRD008111A00_BB0_01_D1a1a1a1b	SouthWest
GSRD008111A01_BB0_01_D1a1a1a1b	SouthWest
GSRD008212A00_BB1_01_D1a1a1a1b	SouthWest
GSRD020372A00_BB1_01_D1a1a1a1b	Plateau
WDC11806290102_D1a1a1a1b	SouthWest
GSRD005859A01_BB0_01_D1a1a1a1b	SouthWest
GSRD009852A00_BB0_00_D1a1a1a1b	SouthWest
Chuan10231A03_BB0_01_D1a1a1a1b	SouthWest
GSRD005407A00_BB0_01_D1a1a1a1b	SouthWest
GSRD009788A00_BB0_00_D1a1a1a1b	SouthWest
GSRD008103A01_BB0_01_D1a1a1a1b	SouthWest
GSRD008103A00_BB0_01_D1a1a1a1b	SouthWest
GSRD008393A01_BB1_01_D1a1a1a1b	SouthWest
GSRD008393A00_BB1_01_D1a1a1a1b	SouthWest
WDC11806290177_D1a1a1a1b	SouthWest
GSRD500223A00_BB0_00_D1a1a1a1b	SouthWest
GSRD009843A00_BB0_00_D1a1a1a1b	SouthWest
GSRD008205A01_BB1_01_D1a1a1a1b	SouthWest
GSRD009785A00_BB0_00_D1a1a1a1b	SouthWest
HGDP01183_D1a1a1a1b	SouthWest
GSRD005692A00_BB1_01_D1a1a1a1b	SouthWest
GSRD009816A00_BB0_00_D1a1a1a1b	SouthWest
GSRD009831A00_BB0_00_D1a1a1a1b	SouthWest
GSRD010426A00_BB1_01_D1a1a1a1b	SouthWest
GSRD500187A00_BB0_00_D1a1a1a1b	SouthWest
GSRD009860A00_BB0_00_D1a1a1a1b	SouthWest
GSRD008109A01_BB0_01_D1a1a1a1b	SouthWest
GSRD008109A00_BB0_01_D1a1a1a1b	SouthWest
GSRD002335A00_BB1_01_D1a1a1a1b	SouthWest
GSRD009781A00_BB0_00_D1a1a1a1b	SouthWest
GSRD008210A00_BB1_01_D1a1a1a1b	SouthWest
GSRD008210A01_BB1_01_D1a1a1a1b	SouthWest
GSRD009848A00_BB0_00_D1a1a1a1b	SouthWest
GSRD011107A00_BB0_01_D1a1a1a1b	SouthWest
GSRD009806A00_BB0_00_D1a1a1a1b	SouthWest
GSRD008120A01_BB0_01_D1a1a1a1b	SouthWest
GSRD008120A00_BB0_01_D1a1a1a1b	SouthWest
GSRD020655A00_BB1_01_D1a1a1a1b	Plateau
GSRD008063A01_BB1_01_D1a1a1a1b	SouthWest
GSRD008162A00_BB1_01_D1a1a1a1b	SouthWest
GSRD020589A00_BB1_01_D1a1a1a1b	Plateau
GSRD021043A00_BB1_01_D1a1a1a1b	Plateau
GSRD007969A01_BB1_01_D1a1a1a1b	SouthWest
GSRD007969A00_BB1_01_D1a1a1a1b	SouthWest
GSRD020949A00_BB1_01_D1a1a1a1b	Plateau
GSRD020328A00_BB1_01_D1a1a1a1b	Plateau
GSRD019919A00_BB1_01_D1a1a1a1b	Plateau
GSRD020659A00_BB1_01_D1a1a1a1b	Plateau
YSW00872A00_BB0_00_D1a1a1a1b	SouthWest
GSRD009881A00_BB0_00_D1a1a1a1b	SouthWest
GSRD009892A00_BB0_00_D1a1a1a1b	SouthWest
HGDP01185_D1a1a1a1b	SouthWest
GSRD009811A00_BB0_00_D1a1a1a1b	SouthWest
L9055.Y.trim.bam__	Plateau
L9054.Y.trim.bam__	Plateau
L8164.Y.trim.bam__	Plateau
L8106.Y.trim.bam__	Plateau
L8076.Y.trim.bam__	Plateau
L8064.Y.trim.bam__	Plateau
L8062.Y.trim.bam__	Plateau
HRR660183_Y_rg.bam__	Plateau
HRR1385347.Y.bam__	Plateau
HRR1385337.Y.bam__	Plateau
HRR1385327.Y.bam__	Plateau
HRR1385292.Y.bam__	Plateau
HRR1385291.Y.bam__	Plateau
HRR1385288.Y.bam__	Plateau
GSRD020673A00_BB1_01_D1a1a1a1b2	Plateau
GSRD020313A00_BB1_01_D1a1a1a1b2	Plateau
GSRD020595A00_BB1_01_D1a1a1a1b2	Plateau
GSRD019966A00_BB1_01_D1a1a1a1b2	Plateau
GSRD020453A00_BB1_01_D1a1a1a1b2	Plateau
S41.Y.trim.Y.Dedup.bam__	Plateau
GSRD008110A00_BB0_01_D1a1a1a1b2	GansuQinghai
GSRD008110A01_BB0_01_D1a1a1a1b2	SouthWest
GSRD020601A00_BB1_01_D1a1a1a1b2	Plateau
GSRD020653A00_BB1_01_D1a1a1a1b2	Plateau
GSRD020644A00_BB1_01_D1a1a1a1b2	Plateau
GSRD019989A00_BB1_01_D1a1a1a1b2	Plateau
GSRD020136A00_BB1_01_D1a1a1a1b2	Plateau
GSRD020293A00_BB1_01_D1a1a1a1b2	Plateau
GSRD020251A00_BB1_01_D1a1a1a1b2	Plateau
GSRD020598A00_BB1_01_D1a1a1a1b2	Plateau
GSRD020534A00_BB1_01_D1a1a1a1b2	Plateau
GSRD020806A00_BB1_01_D1a1a1a1b2	Plateau
GSRD020323A00_BB1_01_D1a1a1a1b2	Plateau
GSRD020434A00_BB1_01_D1a1a1a1b2	Plateau
GSRD020986A00_BB1_01_D1a1a1a1b	Plateau
GSRD008072A00_BB1_01_D1a1a1a1b	SouthWest
GSRD008072A01_BB1_01_D1a1a1a1b	SouthWest
GSRD008877A00_BB0_01_D1a1a1b2	SouthWest
Y5979_D1a1a1b2	SouthWest
GSRD009669A00_BB0_01_D1a1a1b2	SouthWest
GSRD009669A01_BB0_01_D1a1a1b2	SouthWest
Y_HRR2105086.bam__	SouthWest
GSRD009801A00_BB0_00_D1a1a1b1b	SouthWest
CQ10079A00_BB0_00_D1a1a1b1a	SouthWest
Chuan10298A00_BB0_00_D1a1a1b1a2	SouthWest
