global_selection_rank	tier_first_included	SampleID	Haplogroup	root_haplogroup	level2_haplogroup	deep_lineage_label	Quality	Range	selection_stage	selection_reason	distance_to_selected_min	distance_to_selected_mean	comparable_site_n	missing_rate
1	100	AF346967	L3e3b2	L	L3	L3	1.0000	1-16569	seed_cover	initial_seed_best_quality			0	0.000000
2	100	KC346199	L0k1a2a	L	L0	L0	1.0000	1-16569	seed_cover	deep_lineage_seed:L0	0.010056	0.010056	9745	0.000000
3	100	HM771217	L1c1a2a1	L	L1	L1	1.0000	1-16569	seed_cover	deep_lineage_seed:L1	0.009338	0.009851	9745	0.000000
4	100	KC533513	L2b2a	L	L2	L2	1.0000	1-16569	seed_cover	deep_lineage_seed:L2	0.007081	0.009509	9745	0.000000
5	100	KC346053	L0d2c2a1a	L	L0	L0	1.0000	1-16569	diversity_expansion	max_min_distance	0.008620	0.010416	9745	0.000000
6	100	MF055845	L0a1b1a1	L	L0	L0	1.0000	1-16569	diversity_expansion	max_min_distance	0.007286	0.008928	9745	0.000000
7	100	DQ282505	L1b1a7a	L	L1	L1	1.0000	1-16569	diversity_expansion	max_min_distance	0.007183	0.008842	9745	0.000000
8	100	HM771212	L2a4a	L	L2	L2	1.0000	1-16569	diversity_expansion	max_min_distance	0.005849	0.008283	9745	0.000000
9	100	EF556160	T2c1a1	T	T2	T2	1.0000	1-16569	diversity_expansion	max_min_distance	0.005747	0.009428	9745	0.000000
10	100	JQ704102	U2e3a	U	U2	U2	1.0000	1-16569	diversity_expansion	max_min_distance	0.005644	0.008848	9745	0.000000
11	100	EU443496	M2b1b	M	M2	M2	1.0000	1-16569	diversity_expansion	max_min_distance	0.005439	0.008743	9745	0.000000
12	100	MN849780	M27b1	M	M27	M27	1.0000	1-16569	diversity_expansion	max_min_distance	0.005439	0.008527	9745	0.000000
13	100	KC994128	B5b1c1a	B	B5	B5	1.0000	1-16569	diversity_expansion	max_min_distance	0.005336	0.008090	9745	0.000000
14	100	KC345860	L0d1c1a1a1	L	L0	L0	1.0000	1-16569	diversity_expansion	max_min_distance	0.005336	0.009662	9745	0.000000
15	100	JQ705189	I1a1d	I	I1	I1	1.0000	1-16569	diversity_expansion	max_min_distance	0.005233	0.007784	9745	0.000000
16	100	HG02970	L2d1a	L	L2	L2	1.0000	1-16569	diversity_expansion	max_min_distance	0.005131	0.008004	9745	0.000000
17	100	EF177415	K1b1a2	K	K1	K1	1.0000	1-16569	diversity_expansion	max_min_distance	0.005028	0.008043	9745	0.000000
18	100	EU545437	R1a1a1	R	R1	R1	1.0000	1-16569	diversity_expansion	max_min_distance	0.005028	0.007612	9745	0.000000
19	100	FJ168717	D4h3a1a1	D	D4	D4	1.0000	1-16569	diversity_expansion	max_min_distance	0.005028	0.007588	9745	0.000000
20	100	FJ705809	A2f1a	A	A2	A2	1.0000	1-16569	diversity_expansion	max_min_distance	0.005028	0.007307	9745	0.000000
21	100	JX153453	J2a1a2a1a	J	J2	J2	1.0000	1-16569	diversity_expansion	max_min_distance	0.005028	0.007506	9745	0.000000
22	100	DQ137411	M27a1a1	M	M27	M27	1.0000	1-16569	diversity_expansion	max_min_distance	0.005028	0.007491	9745	0.000000
23	100	JF979210	C4c2	C	C4	C4	1.0000	1-16569	diversity_expansion	max_min_distance	0.004926	0.007253	9745	0.000000
24	100	KJ154815	Q1e1a1	Q	Q1	Q1	1.0000	1-16569	diversity_expansion	max_min_distance	0.004926	0.007272	9745	0.000000
25	100	MG272612	R21	R	R21	R21	1.0000	1-16569	diversity_expansion	max_min_distance	0.004926	0.006815	9745	0.000000
26	100	HM057816	W5a1a1a	W	W5	W5	1.0000	1-16569	diversity_expansion	max_min_distance	0.004823	0.006867	9745	0.000000
27	100	HM357816	M7b1a1c1	M	M7	M7	1.0000	1-16569	diversity_expansion	max_min_distance	0.004823	0.006966	9745	0.000000
28	100	KC503927	B2b2a	B	B2	B2	1.0000	1-16569	diversity_expansion	max_min_distance	0.004823	0.006704	9745	0.000000
29	100	FJ004821	R7b1a1	R	R7	R7	1.0000	1-16569	diversity_expansion	max_min_distance	0.004720	0.006780	9745	0.000000
30	100	KC505106	M68a2a	M	M68	M68	1.0000	1-16569	diversity_expansion	max_min_distance	0.004720	0.006659	9745	0.000000
31	100	AP008490	F1b1a1a2	F	F1	F1	1.0000	1-16569	diversity_expansion	max_min_distance	0.004618	0.006581	9745	0.000000
32	100	KC345848	L0d2b1a1a	L	L0	L0	1.0000	1-16569	diversity_expansion	max_min_distance	0.004618	0.010119	9745	0.000000
33	100	DQ523634	U1a1c1c1	U	U1	U1	1.0000	1-16569	diversity_expansion	max_min_distance	0.004515	0.006744	9745	0.000000
34	100	AY195787	X2a2	X	X2	X2	1.0000	1-16569	diversity_expansion	max_min_distance	0.004413	0.006204	9745	0.000000
35	100	EF495216	R14	R	R14	R14	1.0000	1-16569	diversity_expansion	max_min_distance	0.004413	0.006341	9745	0.000000
36	100	JX303803	L3d3a1b	L	L3	L3	1.0000	1-16569	diversity_expansion	max_min_distance	0.004413	0.006063	9745	0.000000
37	100	HM030500	N10b	N	N10	N10	1.0000	1-16569	diversity_expansion	max_min_distance	0.004310	0.006203	9745	0.000000
38	100	JQ702864	U4b1b1b	U	U4	U4	1.0000	1-16569	diversity_expansion	max_min_distance	0.004310	0.006587	9745	0.000000
39	100	KJ154845	E1a2a3	E	E1	E1	1.0000	1-16569	diversity_expansion	max_min_distance	0.004310	0.006268	9745	0.000000
40	100	KX456706	M51a1b	M	M51	M51	1.0000	1-16569	diversity_expansion	max_min_distance	0.004310	0.006302	9745	0.000000
41	100	AP008920	B4c1b1a	B	B4	B4	1.0000	1-16569	diversity_expansion	max_min_distance	0.004207	0.006170	9745	0.000000
42	100	FJ004825	R31a1	R	R31	R31	1.0000	1-16569	diversity_expansion	max_min_distance	0.004207	0.006285	9745	0.000000
43	100	KC911314	U3a2a1a	U	U3	U3	1.0000	1-16569	diversity_expansion	max_min_distance	0.004207	0.006233	9745	0.000000
44	100	JX303774	L3f1b1a1	L	L3	L3	1.0000	1-16569	diversity_expansion	max_min_distance	0.004207	0.005904	9745	0.000000
45	100	NA18515	L2c2b1a	L	L2	L2	1.0000	1-16569	diversity_expansion	max_min_distance	0.004207	0.007477	9745	0.000000
46	100	AP008345	D5b1b1	D	D5	D5	1.0000	1-16569	diversity_expansion	max_min_distance	0.004105	0.006064	9745	0.000000
47	100	EF060322	M1a1c	M	M1	M1	1.0000	1-16569	diversity_expansion	max_min_distance	0.004105	0.005887	9745	0.000000
48	100	FJ467974	R8a1a2a	R	R8	R8	1.0000	1-16569	diversity_expansion	max_min_distance	0.004002	0.005786	9745	0.000000
49	100	GU122992	N1b1a5	N	N1	N1	1.0000	1-16569	diversity_expansion	max_min_distance	0.004002	0.005712	9745	0.000000
50	100	JX120766	U6a7a1a	U	U6	U6	1.0000	1-16569	diversity_expansion	max_min_distance	0.004002	0.005860	9745	0.000000
51	100	KC867127	N3a	N	N3	N3	1.0000	1-16569	diversity_expansion	max_min_distance	0.004002	0.005644	9745	0.000000
52	100	KC887487	M91b	M	M91	M91	1.0000	1-16569	diversity_expansion	max_min_distance	0.004002	0.005851	9745	0.000000
53	100	NA19062	G2a1b	G	G2	G2	1.0000	1-16569	diversity_expansion	max_min_distance	0.004002	0.005794	9745	0.000000
54	100	AP013148	M7a1b2	M	M7	M7	1.0000	1-16569	diversity_expansion	max_min_distance	0.004002	0.005832	9745	0.000000
55	100	EU443454	M2a1b	M	M2	M2	1.0000	1-16569	diversity_expansion	max_min_distance	0.004002	0.005990	9745	0.000000
56	100	JN857034	F2e1	F	F2	F2	1.0000	1-16569	diversity_expansion	max_min_distance	0.003899	0.006049	9745	0.000000
57	100	DQ137408	M29a	M	M29	M29	1.0000	1-16569	diversity_expansion	max_min_distance	0.003797	0.005585	9745	0.000000
58	100	DQ404446	P8	P	P8	P8	1.0000	1-16569	diversity_expansion	max_min_distance	0.003797	0.005502	9745	0.000000
59	100	EF061145	M28a2a	M	M28	M28	1.0000	1-16569	diversity_expansion	max_min_distance	0.003797	0.005683	9745	0.000000
60	100	GQ119016	Y2a	Y	Y2	Y2	1.0000	1-16569	diversity_expansion	max_min_distance	0.003797	0.005192	9745	0.000000
61	100	KC994125	F3b1b1	F	F3	F3	1.0000	1-16569	diversity_expansion	max_min_distance	0.003797	0.005690	9745	0.000000
62	100	KT587573	M12b1b	M	M12	M12	1.0000	1-16569	diversity_expansion	max_min_distance	0.003797	0.005560	9745	0.000000
63	100	JQ706046	U2d2a	U	U2	U2	1.0000	1-16569	diversity_expansion	max_min_distance	0.003797	0.005649	9745	0.000000
64	100	HG01603	U5a1h	U	U5	U5	1.0000	1-16569	diversity_expansion	max_min_distance	0.003694	0.005654	9745	0.000000
65	100	KC346197	L0d2a1c	L	L0	L0	1.0000	1-16569	diversity_expansion	max_min_distance	0.003694	0.009741	9745	0.000000
66	100	AP013153	M11b1a1	M	M11	M11	1.0000	1-16569	diversity_expansion	max_min_distance	0.003592	0.005437	9745	0.000000
67	100	GQ301864	R23	R	R23	R23	1.0000	1-16569	diversity_expansion	max_min_distance	0.003592	0.005398	9745	0.000000
68	100	JX153442	N1a3a1a	N	N1	N1	1.0000	1-16569	diversity_expansion	max_min_distance	0.003592	0.005589	9745	0.000000
69	100	AY495186	H4a1a1a1a1	H	H4	H4	1.0000	1-16569	diversity_expansion	max_min_distance	0.003489	0.005259	9745	0.000000
70	100	EF495218	Q2b	Q	Q2	Q2	1.0000	1-16569	diversity_expansion	max_min_distance	0.003489	0.005471	9745	0.000000
71	100	FJ213450	J1b1a1a	J	J1	J1	1.0000	1-16569	diversity_expansion	max_min_distance	0.003489	0.005892	9745	0.000000
72	100	GU810018	M50a1	M	M50	M50	1.0000	1-16569	diversity_expansion	max_min_distance	0.003489	0.005531	9745	0.000000
73	100	HG00176	U8a1a1b1	U	U8	U8	1.0000	1-16569	diversity_expansion	max_min_distance	0.003489	0.005409	9745	0.000000
74	100	KT587596	M26	M	M26	M26	1.0000	1-16569	diversity_expansion	max_min_distance	0.003489	0.005235	9745	0.000000
75	100	MF058140	L3b1a1a	L	L3	L3	1.0000	1-16569	diversity_expansion	max_min_distance	0.003489	0.005092	9745	0.000000
76	100	KC345900	L0d1b2b1a	L	L0	L0	1.0000	1-16569	diversity_expansion	max_min_distance	0.003489	0.009718	9745	0.000000
77	100	AY713997	R5a2b1	R	R5	R5	1.0000	1-16569	diversity_expansion	max_min_distance	0.003386	0.005213	9745	0.000000
78	100	FJ493512	Z1a1a	Z	Z1	Z1	1.0000	1-16569	diversity_expansion	max_min_distance	0.003386	0.005419	9745	0.000000
79	100	JF717361	R0b	R	R0	R0	1.0000	1-16569	diversity_expansion	max_min_distance	0.003386	0.005304	9745	0.000000
80	100	KC887492	M69a	M	M69	M69	1.0000	1-16569	diversity_expansion	max_min_distance	0.003386	0.005175	9745	0.000000
81	100	MG660655	D3	D	D3	D3	1.0000	1-16569	diversity_expansion	max_min_distance	0.003386	0.005562	9745	0.000000
82	100	KF148264	M7c1a1b1	M	M7	M7	1.0000	1-16569	diversity_expansion	max_min_distance	0.003386	0.005201	9745	0.000000
83	100	AY289054	P7	P	P7	P7	1.0000	1-16569	diversity_expansion	max_min_distance	0.003284	0.005082	9745	0.000000
84	100	EF495220	S5	S	S5	S5	1.0000	1-16569	diversity_expansion	max_min_distance	0.003284	0.004853	9745	0.000000
85	100	JX155271	R2c	R	R2	R2	1.0000	1-16569	diversity_expansion	max_min_distance	0.003284	0.005029	9745	0.000000
86	100	KC911402	U7a4a1	U	U7	U7	1.0000	1-16569	diversity_expansion	max_min_distance	0.003284	0.005253	9745	0.000000
87	100	KX457414	B5a1a	B	B5	B5	1.0000	1-16569	diversity_expansion	max_min_distance	0.003284	0.004941	9745	0.000000
88	100	KJ154770	M27c	M	M27	M27	1.0000	1-16569	diversity_expansion	max_min_distance	0.003284	0.005140	9745	0.000000
89	100	KM986591	L3e1a2	L	L3	L3	1.0000	1-16569	diversity_expansion	max_min_distance	0.003284	0.005329	9745	0.000000
90	100	AP008495	M13a1a	M	M13	M13	1.0000	1-16569	diversity_expansion	max_min_distance	0.003181	0.004975	9745	0.000000
91	100	GU810038	M46a	M	M46	M46	1.0000	1-16569	diversity_expansion	max_min_distance	0.003181	0.005070	9745	0.000000
92	100	KU521481	R9c1a	R	R9	R9	1.0000	1-16569	diversity_expansion	max_min_distance	0.003181	0.004982	9745	0.000000
93	100	KJ669137	L0d1d	L	L0	L0	1.0000	1-16569	diversity_expansion	max_min_distance	0.003181	0.008821	9745	0.000000
94	100	AY950298	M31a1a	M	M31	M31	1.0000	1-16569	diversity_expansion	max_min_distance	0.003079	0.004961	9745	0.000000
95	100	JN857017	B4j	B	B4	B4	1.0000	1-16569	diversity_expansion	max_min_distance	0.003079	0.004709	9745	0.000000
96	100	DQ304976	L2a1a2a1a	L	L2	L2	1.0000	1-16569	diversity_expansion	max_min_distance	0.003079	0.006702	9745	0.000000
97	100	HGDP00768	N9a2a1	N	N9	N9	1.0000	1-16569	diversity_expansion	max_min_distance	0.002976	0.004659	9745	0.000000
98	100	FJ770947	M38d	M	M38	M38	1.0000	1-16569	diversity_expansion	max_min_distance	0.002873	0.004732	9745	0.000000
99	100	HM998901	HV1b3a	HV	HV1	HV1	1.0000	1-16569	diversity_expansion	max_min_distance	0.002873	0.004824	9745	0.000000
100	100	AP008862	D4a3a2	D	D4	D4	1.0000	1-16569	diversity_expansion	max_min_distance	0.002873	0.005239	9745	0.000000
101	150	AP010705	B4a1c3a	B	B4	B4	1.0000	1-16569	diversity_expansion	max_min_distance	0.002873	0.004971	9745	0.000000
102	150	AY714008	N1a2	N	N1	N1	1.0000	1-16569	diversity_expansion	max_min_distance	0.002873	0.004728	9745	0.000000
103	150	MF058176	L3d1a1a	L	L3	L3	1.0000	1-16569	diversity_expansion	max_min_distance	0.002873	0.005386	9745	0.000000
104	150	AP008909	G1a1a3	G	G1	G1	1.0000	1-16569	diversity_expansion	max_min_distance	0.002771	0.004961	9745	0.000000
105	150	AY922284	M36b	M	M36	M36	1.0000	1-16569	diversity_expansion	max_min_distance	0.002771	0.004728	9745	0.000000
106	150	DQ301815	K2a1a	K	K2	K2	1.0000	1-16569	diversity_expansion	max_min_distance	0.002771	0.005288	9745	0.000000
107	150	GQ301865	M77	M	M77	M77	1.0000	1-16569	diversity_expansion	max_min_distance	0.002771	0.004595	9745	0.000000
108	150	HM030504	M79	M	M79	M79	1.0000	1-16569	diversity_expansion	max_min_distance	0.002771	0.004737	9745	0.000000
109	150	JN253411	D1g4	D	D1	D1	1.0000	1-16569	diversity_expansion	max_min_distance	0.002771	0.005086	9745	0.000000
110	150	PX273185	P1d1	P	P1	P1	1.0000	1-16569	diversity_expansion	max_min_distance	0.002771	0.004492	9745	0.000000
111	150	GU810005	F1a1c1	F	F1	F1	1.0000	1-16569	diversity_expansion	max_min_distance	0.002771	0.005322	9745	0.000000
112	150	HM185254	R0a2k1	R	R0	R0	1.0000	1-16569	diversity_expansion	max_min_distance	0.002771	0.004893	9745	0.000000
113	150	SCsq0075	B4b1a1	B	B4	B4	1.0000	1-16569	diversity_expansion	max_min_distance	0.002771	0.005150	9745	0.000000
114	150	NA19704	L3e2a1a	L	L3	L3	1.0000	1-16569	diversity_expansion	max_min_distance	0.002771	0.004741	9745	0.000000
115	150	AP008532	A5a1a1b	A	A5	A5	1.0000	1-16569	diversity_expansion	max_min_distance	0.002668	0.004963	9745	0.000000
116	150	EF661000	T1a1r	T	T1	T1	1.0000	1-16569	diversity_expansion	max_min_distance	0.002668	0.005475	9745	0.000000
117	150	HM036568	M9a1a1c1b1a2	M	M9	M9	1.0000	1-16569	diversity_expansion	max_min_distance	0.002668	0.004616	9745	0.000000
118	150	KC911573	N2a1	N	N2	N2	1.0000	1-16569	diversity_expansion	max_min_distance	0.002668	0.004394	9745	0.000000
119	150	HQ651684	U6d1	U	U6	U6	1.0000	1-16569	diversity_expansion	max_min_distance	0.002668	0.004682	9745	0.000000
120	150	JQ702136	U5b2b3b	U	U5	U5	1.0000	1-16569	diversity_expansion	max_min_distance	0.002668	0.005206	9745	0.000000
121	150	EF061146	Q3b	Q	Q3	Q3	1.0000	1-16569	diversity_expansion	max_min_distance	0.002565	0.004916	9745	0.000000
122	150	EF556178	H6a1b1	H	H6	H6	1.0000	1-16569	diversity_expansion	max_min_distance	0.002565	0.004809	9745	0.000000
123	150	FJ951588	D2b1	D	D2	D2	1.0000	1-16569	diversity_expansion	max_min_distance	0.002565	0.004999	9745	0.000000
124	150	JQ702863	J2b1a1a	J	J2	J2	1.0000	1-16569	diversity_expansion	max_min_distance	0.002565	0.004852	9745	0.000000
125	150	MG646215	J1c2c1	J	J1	J1	1.0000	1-16569	diversity_expansion	max_min_distance	0.002565	0.005167	9745	0.000000
126	150	AP010837	F1e1a	F	F1	F1	1.0000	1-16569	diversity_expansion	max_min_distance	0.002565	0.005165	9745	0.000000
127	150	KC345788	L0d1b1a1	L	L0	L0	1.0000	1-16569	diversity_expansion	max_min_distance	0.002565	0.009020	9745	0.000000
128	150	HM030518	M5a2a1a1	M	M5	M5	1.0000	1-16569	diversity_expansion	max_min_distance	0.002463	0.004380	9745	0.000000
129	150	JF824913	D6a1a	D	D6	D6	1.0000	1-16569	diversity_expansion	max_min_distance	0.002463	0.004493	9745	0.000000
130	150	JN540042	M33a2a	M	M33	M33	1.0000	1-16569	diversity_expansion	max_min_distance	0.002463	0.004405	9745	0.000000
131	150	JQ703071	H11a2a2	H	H11	H11	1.0000	1-16569	diversity_expansion	max_min_distance	0.002463	0.004715	9745	0.000000
132	150	KX456810	M24b	M	M24	M24	1.0000	1-16569	diversity_expansion	max_min_distance	0.002463	0.004331	9745	0.000000
133	150	AP008619	D5a1a2	D	D5	D5	1.0000	1-16569	diversity_expansion	max_min_distance	0.002463	0.005132	9745	0.000000
134	150	DQ981472	R9b1a1a	R	R9	R9	1.0000	1-16569	diversity_expansion	max_min_distance	0.002463	0.004500	9745	0.000000
135	150	JF891418	T2b6b	T	T2	T2	1.0000	1-16569	diversity_expansion	max_min_distance	0.002463	0.005887	9745	0.000000
136	150	JQ701858	K1a1b2a1a	K	K1	K1	1.0000	1-16569	diversity_expansion	max_min_distance	0.002463	0.005585	9745	0.000000
137	150	AP012414	N22a	N	N22	N22	1.0000	1-16569	diversity_expansion	max_min_distance	0.002360	0.004156	9745	0.000000
138	150	AY289063	P5	P	P5	P5	1.0000	1-16569	diversity_expansion	max_min_distance	0.002360	0.004269	9745	0.000000
139	150	FJ951606	C5c1a	C	C5	C5	1.0000	1-16569	diversity_expansion	max_min_distance	0.002360	0.005251	9745	0.000000
140	150	KX457149	M74b2	M	M74	M74	1.0000	1-16569	diversity_expansion	max_min_distance	0.002360	0.004390	9745	0.000000
141	150	FJ004831	R7a1b1	R	R7	R7	1.0000	1-16569	diversity_expansion	max_min_distance	0.002360	0.005102	9745	0.000000
142	150	JQ705043	U3b1b	U	U3	U3	1.0000	1-16569	diversity_expansion	max_min_distance	0.002360	0.004593	9745	0.000000
143	150	AP008910	B5b2a2a1	B	B5	B5	1.0000	1-16569	diversity_expansion	max_min_distance	0.002360	0.005435	9745	0.000000
144	150	FJ951534	D4h1d	D	D4	D4	1.0000	1-16569	diversity_expansion	max_min_distance	0.002360	0.004673	9745	0.000000
145	150	HGDP00955	J2a2b3	J	J2	J2	1.0000	1-16569	diversity_expansion	max_min_distance	0.002360	0.005343	9745	0.000000
146	150	MG273011	M7c2b	M	M7	M7	1.0000	1-16569	diversity_expansion	max_min_distance	0.002360	0.004865	9745	0.000000
147	150	AP008425	B4c1c1	B	B4	B4	1.0000	1-16569	diversity_expansion	max_min_distance	0.002360	0.004059	9745	0.000000
148	150	AP008373	M8a2b	M	M8	M8	1.0000	1-16569	diversity_expansion	max_min_distance	0.002258	0.004544	9745	0.000000
149	150	AY289062	S4	S	S4	S4	1.0000	1-16569	diversity_expansion	max_min_distance	0.002258	0.004015	9745	0.000000
150	150	AY339446	V7a1	V	V7	V7	1.0000	1-16569	diversity_expansion	max_min_distance	0.002258	0.004232	9745	0.000000
151	200	EF185810	E2b1	E	E2	E2	1.0000	1-16569	diversity_expansion	max_min_distance	0.002258	0.004517	9745	0.000000
152	200	HM030534	M70	M	M70	M70	1.0000	1-16569	diversity_expansion	max_min_distance	0.002258	0.004118	9745	0.000000
153	200	JQ705175	I2a3	I	I2	I2	1.0000	1-16569	diversity_expansion	max_min_distance	0.002258	0.005004	9745	0.000000
154	200	MN849757	M28b1	M	M28	M28	1.0000	1-16569	diversity_expansion	max_min_distance	0.002258	0.005101	9745	0.000000
155	200	AY882416	U6a2a2a	U	U6	U6	1.0000	1-16569	diversity_expansion	max_min_distance	0.002258	0.004641	9745	0.000000
156	200	JX153849	T2a1b1a1a2	T	T2	T2	1.0000	1-16569	diversity_expansion	max_min_distance	0.002258	0.005630	9745	0.000000
157	200	OL619866	M7b1b	M	M7	M7	1.0000	1-16569	diversity_expansion	max_min_distance	0.002258	0.004699	9745	0.000000
158	200	HM771191	L2a2b2	L	L2	L2	1.0000	1-16569	diversity_expansion	max_min_distance	0.002258	0.006438	9745	0.000000
159	200	KJ154230	B4a1a1a11b	B	B4	B4	1.0000	1-16569	diversity_expansion	max_min_distance	0.002258	0.004445	9745	0.000000
160	200	HG03518	L3d1c1	L	L3	L3	1.0000	1-16569	diversity_expansion	max_min_distance	0.002258	0.004778	9745	0.000000
161	200	JQ705320	L3e4a1	L	L3	L3	1.0000	1-16569	diversity_expansion	max_min_distance	0.002258	0.004340	9745	0.000000
162	200	DQ513521	M41b	M	M41	M41	1.0000	1-16569	diversity_expansion	max_min_distance	0.002155	0.004194	9745	0.000000
163	200	HG00324	H13a1a1d1	H	H13	H13	1.0000	1-16569	diversity_expansion	max_min_distance	0.002155	0.004513	9745	0.000000
164	200	JQ701848	H2a1a2	H	H2	H2	1.0000	1-16569	diversity_expansion	max_min_distance	0.002155	0.004465	9745	0.000000
165	200	JQ735909	H8c2	H	H8	H8	1.0000	1-16569	diversity_expansion	max_min_distance	0.002155	0.004414	9745	0.000000
166	200	EF222252	U4a2c1	U	U4	U4	1.0000	1-16569	diversity_expansion	max_min_distance	0.002155	0.004719	9745	0.000000
167	200	JN253434	D1j1a2	D	D1	D1	1.0000	1-16569	diversity_expansion	max_min_distance	0.002155	0.004663	9745	0.000000
168	200	AP008408	D4g2b1a	D	D4	D4	1.0000	1-16569	diversity_expansion	max_min_distance	0.002155	0.004609	9745	0.000000
169	200	JQ703513	H5a1g1a	H	H5	H5	1.0000	1-16569	diversity_expansion	max_min_distance	0.002052	0.004464	9745	0.000000
170	200	JQ704105	H3b1b1a	H	H3	H3	1.0000	1-16569	diversity_expansion	max_min_distance	0.002052	0.004379	9745	0.000000
171	200	JX152799	A26	A	A26	A26	1.0000	1-16569	diversity_expansion	max_min_distance	0.002052	0.004572	9745	0.000000
172	200	AP008821	N9b1c	N	N9	N9	1.0000	1-16569	diversity_expansion	max_min_distance	0.002052	0.003760	9745	0.000000
173	200	EU482371	C4a1a3a1	C	C4	C4	1.0000	1-16569	diversity_expansion	max_min_distance	0.002052	0.005309	9745	0.000000
174	200	HQ012070	A2s	A	A2	A2	1.0000	1-16569	diversity_expansion	max_min_distance	0.002052	0.005142	9745	0.000000
175	200	JQ705364	I1c1a	I	I1	I1	1.0000	1-16569	diversity_expansion	max_min_distance	0.002052	0.005102	9745	0.000000
176	200	JX413014	B2i2a1a	B	B2	B2	1.0000	1-16569	diversity_expansion	max_min_distance	0.002052	0.004985	9745	0.000000
177	200	GU810062	R9b2	R	R9	R9	1.0000	1-16569	diversity_expansion	max_min_distance	0.002052	0.004268	9745	0.000000
178	200	JN604831	U5a2d1a	U	U5	U5	1.0000	1-16569	diversity_expansion	max_min_distance	0.002052	0.004583	9745	0.000000
179	200	JX153522	K1b2b1	K	K1	K1	1.0000	1-16569	diversity_expansion	max_min_distance	0.002052	0.004916	9745	0.000000
180	200	AP008288	B5b1a2	B	B5	B5	1.0000	1-16569	diversity_expansion	max_min_distance	0.002052	0.005223	9745	0.000000
181	200	JQ704043	U5b1c2b	U	U5	U5	1.0000	1-16569	diversity_expansion	max_min_distance	0.002052	0.004628	9745	0.000000
182	200	KJ154601	M27a2b	M	M27	M27	1.0000	1-16569	diversity_expansion	max_min_distance	0.002052	0.005620	9745	0.000000
183	200	AP008287	D4b2a2a1	D	D4	D4	1.0000	1-16569	diversity_expansion	max_min_distance	0.002052	0.004473	9745	0.000000
184	200	FJ168712	D4h3b	D	D4	D4	1.0000	1-16569	diversity_expansion	max_min_distance	0.002052	0.005050	9745	0.000000
185	200	KF148516	M7a2a3a	M	M7	M7	1.0000	1-16569	diversity_expansion	max_min_distance	0.002052	0.004568	9745	0.000000
186	200	AJ842751	B4a2a1	B	B4	B4	1.0000	1-16569	diversity_expansion	max_min_distance	0.002052	0.004129	9745	0.000000
187	200	AP012377	M21a	M	M21	M21	1.0000	1-16569	diversity_expansion	max_min_distance	0.001950	0.004002	9745	0.000000
188	200	DQ408679	M4b	M	M4	M4	1.0000	1-16569	diversity_expansion	max_min_distance	0.001950	0.003849	9745	0.000000
189	200	EF429136	C7a2a	C	C7	C7	1.0000	1-16569	diversity_expansion	max_min_distance	0.001950	0.004894	9745	0.000000
190	200	JQ703268	H1b2a1	H	H1	H1	1.0000	1-16569	diversity_expansion	max_min_distance	0.001950	0.004186	9745	0.000000
191	200	GQ999958	F2h	F	F2	F2	1.0000	1-16569	diversity_expansion	max_min_distance	0.001950	0.004817	9745	0.000000
192	200	JX289093	G2b1a1	G	G2	G2	1.0000	1-16569	diversity_expansion	max_min_distance	0.001950	0.004413	9745	0.000000
193	200	KC911480	X2e2c1	X	X2	X2	1.0000	1-16569	diversity_expansion	max_min_distance	0.001950	0.004122	9745	0.000000
194	200	JQ965971	A2af2	A	A2	A2	1.0000	1-16569	diversity_expansion	max_min_distance	0.001950	0.005114	9745	0.000000
195	200	KF148254	D4m2a1a	D	D4	D4	1.0000	1-16569	diversity_expansion	max_min_distance	0.001950	0.004375	9745	0.000000
196	200	AY255140	B4d2	B	B4	B4	1.0000	1-16569	diversity_expansion	max_min_distance	0.001950	0.004005	9745	0.000000
197	200	KC346152	L0d1b2a1	L	L0	L0	1.0000	1-16569	diversity_expansion	max_min_distance	0.001950	0.009268	9745	0.000000
198	200	JQ703827	C1c7	C	C1	C1	1.0000	1-16569	diversity_expansion	max_min_distance	0.001847	0.004857	9745	0.000000
199	200	GQ301870	M51a2	M	M51	M51	1.0000	1-16569	diversity_expansion	max_min_distance	0.001847	0.004600	9745	0.000000
200	200	KC521459	U8c	U	U8	U8	1.0000	1-16569	diversity_expansion	max_min_distance	0.001847	0.003654	9745	0.000000
201	250	MH807323	G1b2	G	G1	G1	1.0000	1-16569	diversity_expansion	max_min_distance	0.001847	0.004406	9745	0.000000
202	250	HM185210	R0a1a1a	R	R0	R0	1.0000	1-16569	diversity_expansion	max_min_distance	0.001847	0.004351	9745	0.000000
203	250	JF431064	B2b1	B	B2	B2	1.0000	1-16569	diversity_expansion	max_min_distance	0.001847	0.004829	9745	0.000000
204	250	KX456559	C4a2b2	C	C4	C4	1.0000	1-16569	diversity_expansion	max_min_distance	0.001847	0.005266	9745	0.000000
205	250	GU932663	T2f1a1	T	T2	T2	1.0000	1-16569	diversity_expansion	max_min_distance	0.001847	0.005109	9745	0.000000
206	250	GU296655	U5a1d2a1	U	U5	U5	1.0000	1-16569	diversity_expansion	max_min_distance	0.001847	0.004792	9745	0.000000
207	250	JQ701866	U5a1a1d1	U	U5	U5	1.0000	1-16569	diversity_expansion	max_min_distance	0.001847	0.004620	9745	0.000000
208	250	JN214436	L2a1c6	L	L2	L2	1.0000	1-16569	diversity_expansion	max_min_distance	0.001847	0.006169	9745	0.000000
209	250	AP008332	D4b1a1a	D	D4	D4	1.0000	1-16569	diversity_expansion	max_min_distance	0.001847	0.004809	9745	0.000000
210	250	JX303882	L2b1a3	L	L2	L2	1.0000	1-16569	diversity_expansion	max_min_distance	0.001847	0.007537	9745	0.000000
211	250	AP008553	Z5	Z	Z5	Z5	1.0000	1-16569	diversity_expansion	max_min_distance	0.001744	0.004748	9745	0.000000
212	250	DQ272108	G3a1a	G	G3	G3	1.0000	1-16569	diversity_expansion	max_min_distance	0.001744	0.004096	9745	0.000000
213	250	EF556154	W1d	W	W1	W1	1.0000	1-16569	diversity_expansion	max_min_distance	0.001744	0.004927	9745	0.000000
214	250	EU545454	HV6a	HV	HV6	HV6	1.0000	1-16569	diversity_expansion	max_min_distance	0.001744	0.003911	9745	0.000000
215	250	FJ770954	M43a1	M	M43	M43	1.0000	1-16569	diversity_expansion	max_min_distance	0.001744	0.003944	9745	0.000000
216	250	HG02026	Y1b1a	Y	Y1	Y1	1.0000	1-16569	diversity_expansion	max_min_distance	0.001744	0.004109	9745	0.000000
217	250	HG04070	M35b1	M	M35	M35	1.0000	1-16569	diversity_expansion	max_min_distance	0.001744	0.003613	9745	0.000000
218	250	HM569228	A10	A	A10	A10	1.0000	1-16569	diversity_expansion	max_min_distance	0.001744	0.004266	9745	0.000000
219	250	JQ704713	I5a1b	I	I5	I5	1.0000	1-16569	diversity_expansion	max_min_distance	0.001744	0.004646	9745	0.000000
220	250	DQ372885	Q1f1	Q	Q1	Q1	1.0000	1-16569	diversity_expansion	max_min_distance	0.001744	0.005415	9745	0.000000
221	250	EF060351	M1a5	M	M1	M1	1.0000	1-16569	diversity_expansion	max_min_distance	0.001744	0.004602	9745	0.000000
222	250	FJ004822	R5a1a	R	R5	R5	1.0000	1-16569	diversity_expansion	max_min_distance	0.001744	0.004062	9745	0.000000
223	250	AP008536	D5a2a1a1a	D	D5	D5	1.0000	1-16569	diversity_expansion	max_min_distance	0.001744	0.004769	9745	0.000000
224	250	EF060358	M1b2b	M	M1	M1	1.0000	1-16569	diversity_expansion	max_min_distance	0.001744	0.004481	9745	0.000000
225	250	EU571946	U4b1a3a	U	U4	U4	1.0000	1-16569	diversity_expansion	max_min_distance	0.001744	0.004918	9745	0.000000
226	250	JN253415	D1g5	D	D1	D1	1.0000	1-16569	diversity_expansion	max_min_distance	0.001744	0.004554	9745	0.000000
227	250	DQ301814	K1a3a1a	K	K1	K1	1.0000	1-16569	diversity_expansion	max_min_distance	0.001744	0.004918	9745	0.000000
228	250	HG00731	A2z	A	A2	A2	1.0000	1-16569	diversity_expansion	max_min_distance	0.001744	0.004705	9745	0.000000
229	250	HM238199	F1a3a2	F	F1	F1	1.0000	1-16569	diversity_expansion	max_min_distance	0.001744	0.004948	9745	0.000000
230	250	HQ012158	B2c2a	B	B2	B2	1.0000	1-16569	diversity_expansion	max_min_distance	0.001744	0.004722	9745	0.000000
231	250	JQ702431	U5b2a2c	U	U5	U5	1.0000	1-16569	diversity_expansion	max_min_distance	0.001744	0.004680	9745	0.000000
232	250	JQ702735	U5a1f1a1	U	U5	U5	1.0000	1-16569	diversity_expansion	max_min_distance	0.001744	0.004680	9745	0.000000
233	250	AP008476	D4b1b1a1	D	D4	D4	1.0000	1-16569	diversity_expansion	max_min_distance	0.001744	0.004715	9745	0.000000
234	250	GU592216	B4c2c	B	B4	B4	1.0000	1-16569	diversity_expansion	max_min_distance	0.001744	0.003847	9745	0.000000
235	250	AP008628	D4d	D	D4	D4	1.0000	1-16569	diversity_expansion	max_min_distance	0.001744	0.004210	9745	0.000000
236	250	JN857044	B4b1a3a	B	B4	B4	1.0000	1-16569	diversity_expansion	max_min_distance	0.001744	0.004605	9745	0.000000
237	250	AP009433	D4c1a1	D	D4	D4	1.0000	1-16569	diversity_expansion	max_min_distance	0.001744	0.004196	9745	0.000000
238	250	KX457013	D4j1a1	D	D4	D4	1.0000	1-16569	diversity_expansion	max_min_distance	0.001744	0.004298	9745	0.000000
239	250	FJ348166	H36	H	H36	H36	1.0000	1-16569	diversity_expansion	max_min_distance	0.001642	0.003938	9745	0.000000
240	250	KC911275	A23	A	A23	A23	1.0000	1-16569	diversity_expansion	max_min_distance	0.001642	0.004355	9745	0.000000
241	250	EU431085	C1b4	C	C1	C1	1.0000	1-16569	diversity_expansion	max_min_distance	0.001642	0.004740	9745	0.000000
242	250	JN409346	K2b1a1a	K	K2	K2	1.0000	1-16569	diversity_expansion	max_min_distance	0.001642	0.004842	9745	0.000000
243	250	JQ324756	H1e1a4	H	H1	H1	1.0000	1-16569	diversity_expansion	max_min_distance	0.001642	0.004078	9745	0.000000
244	250	KF148134	C5a2b1	C	C5	C5	1.0000	1-16569	diversity_expansion	max_min_distance	0.001642	0.004656	9745	0.000000
245	250	AP008301	G2a5	G	G2	G2	1.0000	1-16569	diversity_expansion	max_min_distance	0.001642	0.004739	9745	0.000000
246	250	EU443483	M2b1a	M	M2	M2	1.0000	1-16569	diversity_expansion	max_min_distance	0.001642	0.005599	9745	0.000000
247	250	JQ703917	U2e1b1	U	U2	U2	1.0000	1-16569	diversity_expansion	max_min_distance	0.001642	0.005212	9745	0.000000
248	250	KJ154481	M28a6a	M	M28	M28	1.0000	1-16569	diversity_expansion	max_min_distance	0.001642	0.004891	9745	0.000000
249	250	KJ154557	Q1c1a	Q	Q1	Q1	1.0000	1-16569	diversity_expansion	max_min_distance	0.001642	0.005268	9745	0.000000
250	250	FJ230891	U4d2	U	U4	U4	1.0000	1-16569	diversity_expansion	max_min_distance	0.001642	0.004734	9745	0.000000
