core_subtree_id	core_root_node_id	baseml_subtree_id	analysis_tree_file	core_n_tips	analysis_total_n_tips	matched_internal_edges	matched_tip_edges	replaced_core_root_edge	topology_match	merge_status	details
core_subtree_0001	NODE_000038	baseml_subtree_0001	/mnt/f/onedrive/文档（科研）/脚本/Download/18-phylogenetic/5-拆树PAML合树/output/merge/simulated_baseml_subtrees/baseml_subtree_0001.nwk	1468	1469	1466	1468	true	true	success	core edges replaced
core_subtree_0002	NODE_001505	baseml_subtree_0002	/mnt/f/onedrive/文档（科研）/脚本/Download/18-phylogenetic/5-拆树PAML合树/output/merge/simulated_baseml_subtrees/baseml_subtree_0002.nwk	847	848	845	847	true	true	success	core edges replaced
core_subtree_0003	NODE_002351	baseml_subtree_0003	/mnt/f/onedrive/文档（科研）/脚本/Download/18-phylogenetic/5-拆树PAML合树/output/merge/simulated_baseml_subtrees/baseml_subtree_0003.nwk	321	322	319	321	true	true	success	core edges replaced
core_subtree_0004	NODE_002671	baseml_subtree_0004	/mnt/f/onedrive/文档（科研）/脚本/Download/18-phylogenetic/5-拆树PAML合树/output/merge/simulated_baseml_subtrees/baseml_subtree_0004.nwk	10	1479	8	10	true	true	success	core edges replaced
core_subtree_0005	NODE_002680	baseml_subtree_0005	/mnt/f/onedrive/文档（科研）/脚本/Download/18-phylogenetic/5-拆树PAML合树/output/merge/simulated_baseml_subtrees/baseml_subtree_0005.nwk	10	1479	8	10	true	true	success	core edges replaced
core_subtree_0006	NODE_002689	baseml_subtree_0006	/mnt/f/onedrive/文档（科研）/脚本/Download/18-phylogenetic/5-拆树PAML合树/output/merge/simulated_baseml_subtrees/baseml_subtree_0006.nwk	56	1525	54	56	true	true	success	core edges replaced
core_subtree_0007	NODE_002744	baseml_subtree_0007	/mnt/f/onedrive/文档（科研）/脚本/Download/18-phylogenetic/5-拆树PAML合树/output/merge/simulated_baseml_subtrees/baseml_subtree_0007.nwk	5	1474	3	5	true	true	success	core edges replaced
core_subtree_0008	NODE_002748	baseml_subtree_0008	/mnt/f/onedrive/文档（科研）/脚本/Download/18-phylogenetic/5-拆树PAML合树/output/merge/simulated_baseml_subtrees/baseml_subtree_0008.nwk	3	1472	1	3	true	true	success	core edges replaced
core_subtree_0009	NODE_002750	baseml_subtree_0009	/mnt/f/onedrive/文档（科研）/脚本/Download/18-phylogenetic/5-拆树PAML合树/output/merge/simulated_baseml_subtrees/baseml_subtree_0009.nwk	485	486	483	485	true	true	success	core edges replaced
core_subtree_0010	NODE_003234	baseml_subtree_0010	/mnt/f/onedrive/文档（科研）/脚本/Download/18-phylogenetic/5-拆树PAML合树/output/merge/simulated_baseml_subtrees/baseml_subtree_0010.nwk	34	1503	32	34	true	true	success	core edges replaced
core_subtree_0011	NODE_003267	baseml_subtree_0011	/mnt/f/onedrive/文档（科研）/脚本/Download/18-phylogenetic/5-拆树PAML合树/output/merge/simulated_baseml_subtrees/baseml_subtree_0011.nwk	94	1563	92	94	true	true	success	core edges replaced
core_subtree_0012	NODE_003362	baseml_subtree_0012	/mnt/f/onedrive/文档（科研）/脚本/Download/18-phylogenetic/5-拆树PAML合树/output/merge/simulated_baseml_subtrees/baseml_subtree_0012.nwk	1254	1255	1252	1254	true	true	success	core edges replaced
core_subtree_0013	NODE_004615	baseml_subtree_0013	/mnt/f/onedrive/文档（科研）/脚本/Download/18-phylogenetic/5-拆树PAML合树/output/merge/simulated_baseml_subtrees/baseml_subtree_0013.nwk	809	810	807	809	true	true	success	core edges replaced
core_subtree_0014	NODE_005423	baseml_subtree_0014	/mnt/f/onedrive/文档（科研）/脚本/Download/18-phylogenetic/5-拆树PAML合树/output/merge/simulated_baseml_subtrees/baseml_subtree_0014.nwk	31	1500	29	31	true	true	success	core edges replaced
core_subtree_0015	NODE_005456	baseml_subtree_0015	/mnt/f/onedrive/文档（科研）/脚本/Download/18-phylogenetic/5-拆树PAML合树/output/merge/simulated_baseml_subtrees/baseml_subtree_0015.nwk	2	1304	0	2	true	true	success	core edges replaced
core_subtree_0016	NODE_005458	baseml_subtree_0016	/mnt/f/onedrive/文档（科研）/脚本/Download/18-phylogenetic/5-拆树PAML合树/output/merge/simulated_baseml_subtrees/baseml_subtree_0016.nwk	6	1308	4	6	true	true	success	core edges replaced
core_subtree_0017	NODE_005465	baseml_subtree_0017	/mnt/f/onedrive/文档（科研）/脚本/Download/18-phylogenetic/5-拆树PAML合树/output/merge/simulated_baseml_subtrees/baseml_subtree_0017.nwk	526	527	524	526	true	true	success	core edges replaced
core_subtree_0018	NODE_005991	baseml_subtree_0018	/mnt/f/onedrive/文档（科研）/脚本/Download/18-phylogenetic/5-拆树PAML合树/output/merge/simulated_baseml_subtrees/baseml_subtree_0018.nwk	778	779	776	778	true	true	success	core edges replaced
core_subtree_0019	NODE_006768	baseml_subtree_0019	/mnt/f/onedrive/文档（科研）/脚本/Download/18-phylogenetic/5-拆树PAML合树/output/merge/simulated_baseml_subtrees/baseml_subtree_0019.nwk	1301	1302	1299	1301	true	true	success	core edges replaced
core_subtree_0020	NODE_008068	baseml_subtree_0020	/mnt/f/onedrive/文档（科研）/脚本/Download/18-phylogenetic/5-拆树PAML合树/output/merge/simulated_baseml_subtrees/baseml_subtree_0020.nwk	253	254	251	253	true	true	success	core edges replaced
core_subtree_0021	NODE_008320	baseml_subtree_0021	/mnt/f/onedrive/文档（科研）/脚本/Download/18-phylogenetic/5-拆树PAML合树/output/merge/simulated_baseml_subtrees/baseml_subtree_0021.nwk	1130	1131	1128	1130	true	true	success	core edges replaced
core_subtree_0022	NODE_009449	baseml_subtree_0022	/mnt/f/onedrive/文档（科研）/脚本/Download/18-phylogenetic/5-拆树PAML合树/output/merge/simulated_baseml_subtrees/baseml_subtree_0022.nwk	37	1339	35	37	true	true	success	core edges replaced
core_subtree_0023	NODE_009492	baseml_subtree_0023	/mnt/f/onedrive/文档（科研）/脚本/Download/18-phylogenetic/5-拆树PAML合树/output/merge/simulated_baseml_subtrees/baseml_subtree_0023.nwk	2	1506	0	2	true	true	success	core edges replaced
core_subtree_0024	NODE_009494	baseml_subtree_0024	/mnt/f/onedrive/文档（科研）/脚本/Download/18-phylogenetic/5-拆树PAML合树/output/merge/simulated_baseml_subtrees/baseml_subtree_0024.nwk	1182	1183	1180	1182	true	true	success	core edges replaced
core_subtree_0025	NODE_010677	baseml_subtree_0025	/mnt/f/onedrive/文档（科研）/脚本/Download/18-phylogenetic/5-拆树PAML合树/output/merge/simulated_baseml_subtrees/baseml_subtree_0025.nwk	1503	1504	1501	1503	true	true	success	core edges replaced
core_subtree_0026	NODE_012179	baseml_subtree_0026	/mnt/f/onedrive/文档（科研）/脚本/Download/18-phylogenetic/5-拆树PAML合树/output/merge/simulated_baseml_subtrees/baseml_subtree_0026.nwk	739	740	737	739	true	true	success	core edges replaced
core_subtree_0027	NODE_012917	baseml_subtree_0027	/mnt/f/onedrive/文档（科研）/脚本/Download/18-phylogenetic/5-拆树PAML合树/output/merge/simulated_baseml_subtrees/baseml_subtree_0027.nwk	241	242	239	241	true	true	success	core edges replaced
core_subtree_0028	NODE_013157	baseml_subtree_0028	/mnt/f/onedrive/文档（科研）/脚本/Download/18-phylogenetic/5-拆树PAML合树/output/merge/simulated_baseml_subtrees/baseml_subtree_0028.nwk	90	1594	88	90	true	true	success	core edges replaced
core_subtree_0029	NODE_013246	baseml_subtree_0029	/mnt/f/onedrive/文档（科研）/脚本/Download/18-phylogenetic/5-拆树PAML合树/output/merge/simulated_baseml_subtrees/baseml_subtree_0029.nwk	38	1542	36	38	true	true	success	core edges replaced
core_subtree_0030	NODE_013283	baseml_subtree_0030	/mnt/f/onedrive/文档（科研）/脚本/Download/18-phylogenetic/5-拆树PAML合树/output/merge/simulated_baseml_subtrees/baseml_subtree_0030.nwk	36	1540	34	36	true	true	success	core edges replaced
core_subtree_0031	NODE_013318	baseml_subtree_0031	/mnt/f/onedrive/文档（科研）/脚本/Download/18-phylogenetic/5-拆树PAML合树/output/merge/simulated_baseml_subtrees/baseml_subtree_0031.nwk	1826	1827	1824	1826	true	true	success	core edges replaced
core_subtree_0032	NODE_015143	baseml_subtree_0032	/mnt/f/onedrive/文档（科研）/脚本/Download/18-phylogenetic/5-拆树PAML合树/output/merge/simulated_baseml_subtrees/baseml_subtree_0032.nwk	6	1833	4	6	true	true	success	core edges replaced
core_subtree_0033	NODE_015148	baseml_subtree_0033	/mnt/f/onedrive/文档（科研）/脚本/Download/18-phylogenetic/5-拆树PAML合树/output/merge/simulated_baseml_subtrees/baseml_subtree_0033.nwk	253	254	251	253	true	true	success	core edges replaced
core_subtree_0034	NODE_015400	baseml_subtree_0034	/mnt/f/onedrive/文档（科研）/脚本/Download/18-phylogenetic/5-拆树PAML合树/output/merge/simulated_baseml_subtrees/baseml_subtree_0034.nwk	1365	1366	1363	1365	true	true	success	core edges replaced
core_subtree_0035	NODE_016765	baseml_subtree_0035	/mnt/f/onedrive/文档（科研）/脚本/Download/18-phylogenetic/5-拆树PAML合树/output/merge/simulated_baseml_subtrees/baseml_subtree_0035.nwk	1966	1967	1964	1966	true	true	success	core edges replaced
core_subtree_0036	NODE_018730	baseml_subtree_0036	/mnt/f/onedrive/文档（科研）/脚本/Download/18-phylogenetic/5-拆树PAML合树/output/merge/simulated_baseml_subtrees/baseml_subtree_0036.nwk	370	371	368	370	true	true	success	core edges replaced
core_subtree_0037	NODE_019099	baseml_subtree_0037	/mnt/f/onedrive/文档（科研）/脚本/Download/18-phylogenetic/5-拆树PAML合树/output/merge/simulated_baseml_subtrees/baseml_subtree_0037.nwk	10	1977	8	10	true	true	success	core edges replaced
core_subtree_0038	NODE_019108	baseml_subtree_0038	/mnt/f/onedrive/文档（科研）/脚本/Download/18-phylogenetic/5-拆树PAML合树/output/merge/simulated_baseml_subtrees/baseml_subtree_0038.nwk	42	1960	40	42	true	true	success	core edges replaced
core_subtree_0039	NODE_019149	baseml_subtree_0039	/mnt/f/onedrive/文档（科研）/脚本/Download/18-phylogenetic/5-拆树PAML合树/output/merge/simulated_baseml_subtrees/baseml_subtree_0039.nwk	296	297	294	296	true	true	success	core edges replaced
core_subtree_0040	NODE_019445	baseml_subtree_0040	/mnt/f/onedrive/文档（科研）/脚本/Download/18-phylogenetic/5-拆树PAML合树/output/merge/simulated_baseml_subtrees/baseml_subtree_0040.nwk	144	145	142	144	true	true	success	core edges replaced
core_subtree_0041	NODE_019590	baseml_subtree_0041	/mnt/f/onedrive/文档（科研）/脚本/Download/18-phylogenetic/5-拆树PAML合树/output/merge/simulated_baseml_subtrees/baseml_subtree_0041.nwk	1310	1311	1308	1310	true	true	success	core edges replaced
core_subtree_0042	NODE_020901	baseml_subtree_0042	/mnt/f/onedrive/文档（科研）/脚本/Download/18-phylogenetic/5-拆树PAML合树/output/merge/simulated_baseml_subtrees/baseml_subtree_0042.nwk	1019	1020	1017	1019	true	true	success	core edges replaced
core_subtree_0043	NODE_021921	baseml_subtree_0043	/mnt/f/onedrive/文档（科研）/脚本/Download/18-phylogenetic/5-拆树PAML合树/output/merge/simulated_baseml_subtrees/baseml_subtree_0043.nwk	54	1979	52	54	true	true	success	core edges replaced
core_subtree_0044	NODE_021975	baseml_subtree_0044	/mnt/f/onedrive/文档（科研）/脚本/Download/18-phylogenetic/5-拆树PAML合树/output/merge/simulated_baseml_subtrees/baseml_subtree_0044.nwk	51	1976	49	51	true	true	success	core edges replaced
core_subtree_0045	NODE_022029	baseml_subtree_0045	/mnt/f/onedrive/文档（科研）/脚本/Download/18-phylogenetic/5-拆树PAML合树/output/merge/simulated_baseml_subtrees/baseml_subtree_0045.nwk	85	1518	83	85	true	true	success	core edges replaced
core_subtree_0046	NODE_022118	baseml_subtree_0046	/mnt/f/onedrive/文档（科研）/脚本/Download/18-phylogenetic/5-拆树PAML合树/output/merge/simulated_baseml_subtrees/baseml_subtree_0046.nwk	19	1944	17	19	true	true	success	core edges replaced
core_subtree_0047	NODE_022136	baseml_subtree_0047	/mnt/f/onedrive/文档（科研）/脚本/Download/18-phylogenetic/5-拆树PAML合树/output/merge/simulated_baseml_subtrees/baseml_subtree_0047.nwk	1997	1998	1995	1997	true	true	success	core edges replaced
core_subtree_0048	NODE_024133	baseml_subtree_0048	/mnt/f/onedrive/文档（科研）/脚本/Download/18-phylogenetic/5-拆树PAML合树/output/merge/simulated_baseml_subtrees/baseml_subtree_0048.nwk	589	590	587	589	true	true	success	core edges replaced
core_subtree_0049	NODE_024724	baseml_subtree_0049	/mnt/f/onedrive/文档（科研）/脚本/Download/18-phylogenetic/5-拆树PAML合树/output/merge/simulated_baseml_subtrees/baseml_subtree_0049.nwk	1432	1433	1430	1432	true	true	success	core edges replaced
core_subtree_0050	NODE_026155	baseml_subtree_0050	/mnt/f/onedrive/文档（科研）/脚本/Download/18-phylogenetic/5-拆树PAML合树/output/merge/simulated_baseml_subtrees/baseml_subtree_0050.nwk	604	605	602	604	true	true	success	core edges replaced
core_subtree_0051	NODE_026758	baseml_subtree_0051	/mnt/f/onedrive/文档（科研）/脚本/Download/18-phylogenetic/5-拆树PAML合树/output/merge/simulated_baseml_subtrees/baseml_subtree_0051.nwk	538	539	536	538	true	true	success	core edges replaced
core_subtree_0052	NODE_027295	baseml_subtree_0052	/mnt/f/onedrive/文档（科研）/脚本/Download/18-phylogenetic/5-拆树PAML合树/output/merge/simulated_baseml_subtrees/baseml_subtree_0052.nwk	819	820	817	819	true	true	success	core edges replaced
core_subtree_0053	NODE_028113	baseml_subtree_0053	/mnt/f/onedrive/文档（科研）/脚本/Download/18-phylogenetic/5-拆树PAML合树/output/merge/simulated_baseml_subtrees/baseml_subtree_0053.nwk	508	509	506	508	true	true	success	core edges replaced
core_subtree_0054	NODE_028620	baseml_subtree_0054	/mnt/f/onedrive/文档（科研）/脚本/Download/18-phylogenetic/5-拆树PAML合树/output/merge/simulated_baseml_subtrees/baseml_subtree_0054.nwk	432	433	430	432	true	true	success	core edges replaced
core_subtree_0055	NODE_029051	baseml_subtree_0055	/mnt/f/onedrive/文档（科研）/脚本/Download/18-phylogenetic/5-拆树PAML合树/output/merge/simulated_baseml_subtrees/baseml_subtree_0055.nwk	194	195	192	194	true	true	success	core edges replaced
core_subtree_0056	NODE_029246	baseml_subtree_0056	/mnt/f/onedrive/文档（科研）/脚本/Download/18-phylogenetic/5-拆树PAML合树/output/merge/simulated_baseml_subtrees/baseml_subtree_0056.nwk	1342	1343	1340	1342	true	true	success	core edges replaced
core_subtree_0057	NODE_030591	baseml_subtree_0057	/mnt/f/onedrive/文档（科研）/脚本/Download/18-phylogenetic/5-拆树PAML合树/output/merge/simulated_baseml_subtrees/baseml_subtree_0057.nwk	609	610	607	609	true	true	success	core edges replaced
core_subtree_0058	NODE_031200	baseml_subtree_0058	/mnt/f/onedrive/文档（科研）/脚本/Download/18-phylogenetic/5-拆树PAML合树/output/merge/simulated_baseml_subtrees/baseml_subtree_0058.nwk	90	1738	88	90	true	true	success	core edges replaced
core_subtree_0059	NODE_031290	baseml_subtree_0059	/mnt/f/onedrive/文档（科研）/脚本/Download/18-phylogenetic/5-拆树PAML合树/output/merge/simulated_baseml_subtrees/baseml_subtree_0059.nwk	29	1999	27	29	true	true	success	core edges replaced
core_subtree_0060	NODE_031320	baseml_subtree_0060	/mnt/f/onedrive/文档（科研）/脚本/Download/18-phylogenetic/5-拆树PAML合树/output/merge/simulated_baseml_subtrees/baseml_subtree_0060.nwk	1999	2000	1997	1999	true	true	success	core edges replaced
core_subtree_0061	NODE_033318	baseml_subtree_0061	/mnt/f/onedrive/文档（科研）/脚本/Download/18-phylogenetic/5-拆树PAML合树/output/merge/simulated_baseml_subtrees/baseml_subtree_0061.nwk	1143	1144	1141	1143	true	true	success	core edges replaced
core_subtree_0062	NODE_034460	baseml_subtree_0062	/mnt/f/onedrive/文档（科研）/脚本/Download/18-phylogenetic/5-拆树PAML合树/output/merge/simulated_baseml_subtrees/baseml_subtree_0062.nwk	4	1979	2	4	true	true	success	core edges replaced
core_subtree_0063	NODE_034463	baseml_subtree_0063	/mnt/f/onedrive/文档（科研）/脚本/Download/18-phylogenetic/5-拆树PAML合树/output/merge/simulated_baseml_subtrees/baseml_subtree_0063.nwk	3	1978	1	3	true	true	success	core edges replaced
core_subtree_0064	NODE_034465	baseml_subtree_0064	/mnt/f/onedrive/文档（科研）/脚本/Download/18-phylogenetic/5-拆树PAML合树/output/merge/simulated_baseml_subtrees/baseml_subtree_0064.nwk	76	1724	74	76	true	true	success	core edges replaced
core_subtree_0065	NODE_034540	baseml_subtree_0065	/mnt/f/onedrive/文档（科研）/脚本/Download/18-phylogenetic/5-拆树PAML合树/output/merge/simulated_baseml_subtrees/baseml_subtree_0065.nwk	143	144	141	143	true	true	success	core edges replaced
core_subtree_0066	NODE_034682	baseml_subtree_0066	/mnt/f/onedrive/文档（科研）/脚本/Download/18-phylogenetic/5-拆树PAML合树/output/merge/simulated_baseml_subtrees/baseml_subtree_0066.nwk	140	141	138	140	true	true	success	core edges replaced
core_subtree_0067	NODE_034821	baseml_subtree_0067	/mnt/f/onedrive/文档（科研）/脚本/Download/18-phylogenetic/5-拆树PAML合树/output/merge/simulated_baseml_subtrees/baseml_subtree_0067.nwk	59	1984	57	59	true	true	success	core edges replaced
core_subtree_0068	NODE_034879	baseml_subtree_0068	/mnt/f/onedrive/文档（科研）/脚本/Download/18-phylogenetic/5-拆树PAML合树/output/merge/simulated_baseml_subtrees/baseml_subtree_0068.nwk	11	1986	9	11	true	true	success	core edges replaced
core_subtree_0069	NODE_034889	baseml_subtree_0069	/mnt/f/onedrive/文档（科研）/脚本/Download/18-phylogenetic/5-拆树PAML合树/output/merge/simulated_baseml_subtrees/baseml_subtree_0069.nwk	116	117	114	116	true	true	success	core edges replaced
core_subtree_0070	NODE_035004	baseml_subtree_0070	/mnt/f/onedrive/文档（科研）/脚本/Download/18-phylogenetic/5-拆树PAML合树/output/merge/simulated_baseml_subtrees/baseml_subtree_0070.nwk	24	1999	22	24	true	true	success	core edges replaced
core_subtree_0071	NODE_035027	baseml_subtree_0071	/mnt/f/onedrive/文档（科研）/脚本/Download/18-phylogenetic/5-拆树PAML合树/output/merge/simulated_baseml_subtrees/baseml_subtree_0071.nwk	26	1996	24	26	true	true	success	core edges replaced
core_subtree_0072	NODE_035052	baseml_subtree_0072	/mnt/f/onedrive/文档（科研）/脚本/Download/18-phylogenetic/5-拆树PAML合树/output/merge/simulated_baseml_subtrees/baseml_subtree_0072.nwk	4	2000	2	4	true	true	success	core edges replaced
core_subtree_0073	NODE_035055	baseml_subtree_0073	/mnt/f/onedrive/文档（科研）/脚本/Download/18-phylogenetic/5-拆树PAML合树/output/merge/simulated_baseml_subtrees/baseml_subtree_0073.nwk	395	396	393	395	true	true	success	core edges replaced
core_subtree_0074	NODE_035449	baseml_subtree_0074	/mnt/f/onedrive/文档（科研）/脚本/Download/18-phylogenetic/5-拆树PAML合树/output/merge/simulated_baseml_subtrees/baseml_subtree_0074.nwk	14	1989	12	14	true	true	success	core edges replaced
core_subtree_0075	NODE_035462	baseml_subtree_0075	/mnt/f/onedrive/文档（科研）/脚本/Download/18-phylogenetic/5-拆树PAML合树/output/merge/simulated_baseml_subtrees/baseml_subtree_0075.nwk	225	226	223	225	true	true	success	core edges replaced
core_subtree_0076	NODE_035686	baseml_subtree_0076	/mnt/f/onedrive/文档（科研）/脚本/Download/18-phylogenetic/5-拆树PAML合树/output/merge/simulated_baseml_subtrees/baseml_subtree_0076.nwk	346	347	344	346	true	true	success	core edges replaced
core_subtree_0077	TIP::111-1911-1679	baseml_subtree_0077	/mnt/f/onedrive/文档（科研）/脚本/Download/18-phylogenetic/5-拆树PAML合树/output/merge/simulated_baseml_subtrees/baseml_subtree_0077.nwk	1	1828	0	1	true	true	success	core edges replaced
core_subtree_0078	TIP::111-1915-3945	baseml_subtree_0078	/mnt/f/onedrive/文档（科研）/脚本/Download/18-phylogenetic/5-拆树PAML合树/output/merge/simulated_baseml_subtrees/baseml_subtree_0078.nwk	1	1505	0	1	true	true	success	core edges replaced
core_subtree_0079	TIP::111-1917-1123	baseml_subtree_0079	/mnt/f/onedrive/文档（科研）/脚本/Download/18-phylogenetic/5-拆树PAML合树/output/merge/simulated_baseml_subtrees/baseml_subtree_0079.nwk	1	1976	0	1	true	true	success	core edges replaced
core_subtree_0080	TIP::111-1917-8054	baseml_subtree_0080	/mnt/f/onedrive/文档（科研）/脚本/Download/18-phylogenetic/5-拆树PAML合树/output/merge/simulated_baseml_subtrees/baseml_subtree_0080.nwk	1	1828	0	1	true	true	success	core edges replaced
core_subtree_0081	TIP::111-1920-8515	baseml_subtree_0081	/mnt/f/onedrive/文档（科研）/脚本/Download/18-phylogenetic/5-拆树PAML合树/output/merge/simulated_baseml_subtrees/baseml_subtree_0081.nwk	1	1999	0	1	true	true	success	core edges replaced
core_subtree_0082	TIP::111-1929-0015	baseml_subtree_0082	/mnt/f/onedrive/文档（科研）/脚本/Download/18-phylogenetic/5-拆树PAML合树/output/merge/simulated_baseml_subtrees/baseml_subtree_0082.nwk	1	1968	0	1	true	true	success	core edges replaced
core_subtree_0083	TIP::111-1939-4089	baseml_subtree_0083	/mnt/f/onedrive/文档（科研）/脚本/Download/18-phylogenetic/5-拆树PAML合树/output/merge/simulated_baseml_subtrees/baseml_subtree_0083.nwk	1	1999	0	1	true	true	success	core edges replaced
core_subtree_0084	TIP::FJ748757	baseml_subtree_0084	/mnt/f/onedrive/文档（科研）/脚本/Download/18-phylogenetic/5-拆树PAML合树/output/merge/simulated_baseml_subtrees/baseml_subtree_0084.nwk	1	1999	0	1	true	true	success	core edges replaced
core_subtree_0085	TIP::GSRD019735A00_BB0_01	baseml_subtree_0085	/mnt/f/onedrive/文档（科研）/脚本/Download/18-phylogenetic/5-拆树PAML合树/output/merge/simulated_baseml_subtrees/baseml_subtree_0085.nwk	1	1470	0	1	true	true	success	core edges replaced
core_subtree_0086	TIP::HM852883	baseml_subtree_0086	/mnt/f/onedrive/文档（科研）/脚本/Download/18-phylogenetic/5-拆树PAML合树/output/merge/simulated_baseml_subtrees/baseml_subtree_0086.nwk	1	1256	0	1	true	true	success	core edges replaced
core_subtree_0087	TIP::HNL068	baseml_subtree_0087	/mnt/f/onedrive/文档（科研）/脚本/Download/18-phylogenetic/5-拆树PAML合树/output/merge/simulated_baseml_subtrees/baseml_subtree_0087.nwk	1	1968	0	1	true	true	success	core edges replaced
core_subtree_0088	TIP::MT418943	baseml_subtree_0088	/mnt/f/onedrive/文档（科研）/脚本/Download/18-phylogenetic/5-拆树PAML合树/output/merge/simulated_baseml_subtrees/baseml_subtree_0088.nwk	1	1434	0	1	true	true	success	core edges replaced
