edge_id	parent_node	child_node	parent_label	child_label	child_is_tip	n_descendant_tip	descendant_tip_representative	edge_length_analysis	edge_length_input_units	edge_was_floored	branch_scale_factor
1	208	209	Node208	Node209	FALSE	199	Chuan10108A00_BB0_00_D1a1a1a1a1b2;Chuan10231A03_BB0_01_D1a1a1a1b;Chuan10292A00_BB0_00_D1a1a1a1a1b1	17.2665527459929	0.000775	FALSE	4.48844660194175e-05
2	209	1	Node209	LJM25_Y_rg.bam__	TRUE	1	LJM25_Y_rg.bam__	2.22794228980554	1e-04	FALSE	4.48844660194175e-05
3	209	210	Node209	Node210	FALSE	198	Chuan10108A00_BB0_00_D1a1a1a1a1b2;Chuan10231A03_BB0_01_D1a1a1a1b;Chuan10292A00_BB0_00_D1a1a1a1a1b1	0.00222794228980554	1e-07	TRUE	4.48844660194175e-05
4	210	2	Node210	LJM2_Y_rg.bam__	TRUE	1	LJM2_Y_rg.bam__	2.22794228980554	1e-04	FALSE	4.48844660194175e-05
5	210	211	Node210	Node211	FALSE	197	Chuan10108A00_BB0_00_D1a1a1a1a1b2;Chuan10231A03_BB0_01_D1a1a1a1b;Chuan10292A00_BB0_00_D1a1a1a1a1b1	0.00222794228980554	1e-07	TRUE	4.48844660194175e-05
6	211	3	Node211	L8067.Y.trim.bam__	TRUE	1	L8067.Y.trim.bam__	2.22794228980554	1e-04	FALSE	4.48844660194175e-05
7	211	212	Node211	Node212	FALSE	196	Chuan10108A00_BB0_00_D1a1a1a1a1b2;Chuan10231A03_BB0_01_D1a1a1a1b;Chuan10292A00_BB0_00_D1a1a1a1a1b1	0.00222794228980554	1e-07	TRUE	4.48844660194175e-05
8	212	4	Node212	L7053.Y.trim.bam__	TRUE	1	L7053.Y.trim.bam__	2.22794228980554	1e-04	FALSE	4.48844660194175e-05
9	212	213	Node212	Node213	FALSE	195	Chuan10108A00_BB0_00_D1a1a1a1a1b2;Chuan10231A03_BB0_01_D1a1a1a1b;Chuan10292A00_BB0_00_D1a1a1a1a1b1	0.00222794228980554	1e-07	TRUE	4.48844660194175e-05
10	213	5	Node213	HRR660152_Y_rg.bam__	TRUE	1	HRR660152_Y_rg.bam__	2.22794228980554	1e-04	FALSE	4.48844660194175e-05
11	213	214	Node213	Node214	FALSE	194	Chuan10108A00_BB0_00_D1a1a1a1a1b2;Chuan10231A03_BB0_01_D1a1a1a1b;Chuan10292A00_BB0_00_D1a1a1a1a1b1	0.00222794228980554	1e-07	TRUE	4.48844660194175e-05
12	214	6	Node214	HRR2680016.Y.bam__	TRUE	1	HRR2680016.Y.bam__	2.22794228980554	1e-04	FALSE	4.48844660194175e-05
13	214	215	Node214	Node215	FALSE	193	Chuan10108A00_BB0_00_D1a1a1a1a1b2;Chuan10231A03_BB0_01_D1a1a1a1b;Chuan10292A00_BB0_00_D1a1a1a1a1b1	0.00222794228980554	1e-07	TRUE	4.48844660194175e-05
14	215	7	Node215	HRR1385301.Y.bam__	TRUE	1	HRR1385301.Y.bam__	2.22794228980554	1e-04	FALSE	4.48844660194175e-05
15	215	216	Node215	Node216	FALSE	192	Chuan10108A00_BB0_00_D1a1a1a1a1b2;Chuan10231A03_BB0_01_D1a1a1a1b;Chuan10292A00_BB0_00_D1a1a1a1a1b1	0.00222794228980554	1e-07	TRUE	4.48844660194175e-05
16	216	8	Node216	HRR1385290.Y.bam__	TRUE	1	HRR1385290.Y.bam__	2.22794228980554	1e-04	FALSE	4.48844660194175e-05
17	216	217	Node216	Node217	FALSE	191	Chuan10108A00_BB0_00_D1a1a1a1a1b2;Chuan10231A03_BB0_01_D1a1a1a1b;Chuan10292A00_BB0_00_D1a1a1a1a1b1	0.00222794228980554	1e-07	TRUE	4.48844660194175e-05
18	217	9	Node217	HRR1295204_Y.bam__	TRUE	1	HRR1295204_Y.bam__	2.22794228980554	1e-04	FALSE	4.48844660194175e-05
19	217	218	Node217	Node218	FALSE	190	Chuan10108A00_BB0_00_D1a1a1a1a1b2;Chuan10231A03_BB0_01_D1a1a1a1b;Chuan10292A00_BB0_00_D1a1a1a1a1b1	0.00222794228980554	1e-07	TRUE	4.48844660194175e-05
20	218	219	Node218	Node219	FALSE	80	Chuan10108A00_BB0_00_D1a1a1a1a1b2;Chuan10292A00_BB0_00_D1a1a1a1a1b1;GSRD005430A00_BB0_01_D1a1a1a1a1b1	9.4464753087755	0.000424	FALSE	4.48844660194175e-05
21	219	220	Node219	Node220	FALSE	10	Chuan10108A00_BB0_00_D1a1a1a1a1b2;Chuan10292A00_BB0_00_D1a1a1a1a1b1;GSRD005430A00_BB0_01_D1a1a1a1a1b1	4.72323765438775	0.000212	FALSE	4.48844660194175e-05
22	220	10	Node220	Y_HRR2364751.bam__	TRUE	1	Y_HRR2364751.bam__	2.22794228980554	1e-04	FALSE	4.48844660194175e-05
23	220	221	Node220	Node221	FALSE	9	Chuan10108A00_BB0_00_D1a1a1a1a1b2;Chuan10292A00_BB0_00_D1a1a1a1a1b1;GSRD005430A00_BB0_01_D1a1a1a1a1b1	0.00222794228980554	1e-07	TRUE	4.48844660194175e-05
24	221	11	Node221	Y_HRR2364744.bam__	TRUE	1	Y_HRR2364744.bam__	2.22794228980554	1e-04	FALSE	4.48844660194175e-05
25	221	222	Node221	Node222	FALSE	8	Chuan10108A00_BB0_00_D1a1a1a1a1b2;Chuan10292A00_BB0_00_D1a1a1a1a1b1;GSRD005430A00_BB0_01_D1a1a1a1a1b1	0.00222794228980554	1e-07	TRUE	4.48844660194175e-05
26	222	223	Node222	Node223	FALSE	4	Chuan10292A00_BB0_00_D1a1a1a1a1b1;GSRD005430A00_BB0_01_D1a1a1a1a1b1;GSRD009778A00_BB0_00_D1a1a1a1a1b1	5.52529687871774	0.000248	FALSE	4.48844660194175e-05
27	223	12	Node223	GSRD009780A00_BB0_00_D1a1a1a1a1b1	TRUE	1	GSRD009780A00_BB0_00_D1a1a1a1a1b1	0.490147303757219	2.2e-05	FALSE	4.48844660194175e-05
28	223	224	Node223	Node224	FALSE	3	Chuan10292A00_BB0_00_D1a1a1a1a1b1;GSRD005430A00_BB0_01_D1a1a1a1a1b1;GSRD009778A00_BB0_00_D1a1a1a1a1b1	0.0222794228980554	1e-06	FALSE	4.48844660194175e-05
29	224	225	Node224	Node225	FALSE	2	Chuan10292A00_BB0_00_D1a1a1a1a1b1;GSRD005430A00_BB0_01_D1a1a1a1a1b1	0.490147303757219	2.2e-05	FALSE	4.48844660194175e-05
30	225	13	Node225	Chuan10292A00_BB0_00_D1a1a1a1a1b1	TRUE	1	Chuan10292A00_BB0_00_D1a1a1a1a1b1	0.0222794228980554	1e-06	FALSE	4.48844660194175e-05
31	225	14	Node225	GSRD005430A00_BB0_01_D1a1a1a1a1b1	TRUE	1	GSRD005430A00_BB0_01_D1a1a1a1a1b1	0.0222794228980554	1e-06	FALSE	4.48844660194175e-05
32	224	15	Node224	GSRD009778A00_BB0_00_D1a1a1a1a1b1	TRUE	1	GSRD009778A00_BB0_00_D1a1a1a1a1b1	0.155955960286388	7e-06	FALSE	4.48844660194175e-05
33	222	226	Node222	Node226	FALSE	4	Chuan10108A00_BB0_00_D1a1a1a1a1b2;GSRD009056A00_TS0_00_D1a1a1a1a1b1;GSRD009825A00_BB0_00_D1a1a1a1a1b2	1.02485345331055	4.6e-05	FALSE	4.48844660194175e-05
34	226	227	Node226	Node227	FALSE	2	GSRD009056A00_TS0_00_D1a1a1a1a1b1;YSW00402A00_BB1_01_D1a1a1a1a1b1	0.512426726655275	2.3e-05	FALSE	4.48844660194175e-05
35	227	16	Node227	GSRD009056A00_TS0_00_D1a1a1a1a1b1	TRUE	1	GSRD009056A00_TS0_00_D1a1a1a1a1b1	5.03514957496052	0.000226	FALSE	4.48844660194175e-05
36	227	17	Node227	YSW00402A00_BB1_01_D1a1a1a1a1b1	TRUE	1	YSW00402A00_BB1_01_D1a1a1a1a1b1	2.4507365187861	0.00011	FALSE	4.48844660194175e-05
37	226	228	Node226	Node228	FALSE	2	Chuan10108A00_BB0_00_D1a1a1a1a1b2;GSRD009825A00_BB0_00_D1a1a1a1a1b2	1.29220652808721	5.8e-05	FALSE	4.48844660194175e-05
38	228	18	Node228	GSRD009825A00_BB0_00_D1a1a1a1a1b2	TRUE	1	GSRD009825A00_BB0_00_D1a1a1a1a1b2	2.4507365187861	0.00011	FALSE	4.48844660194175e-05
39	228	19	Node228	Chuan10108A00_BB0_00_D1a1a1a1a1b2	TRUE	1	Chuan10108A00_BB0_00_D1a1a1a1a1b2	2.29478055849971	0.000103	FALSE	4.48844660194175e-05
40	219	229	Node219	Node229	FALSE	70	GSRD007975A00_BB1_01_D1a1a1a1a1b1;GSRD007975A01_BB1_02_D1a1a1a1a1b1;GSRD007997A00_BB1_01_D1a1a1a1a1b1	2.60669247907248	0.000117	FALSE	4.48844660194175e-05
41	229	230	Node229	Node230	FALSE	10	GSRD007975A00_BB1_01_D1a1a1a1a1b1;GSRD007975A01_BB1_02_D1a1a1a1a1b1;GSRD008106A00_BB0_01_D1a1a1a1a1b1	2.11654517531526	9.5e-05	FALSE	4.48844660194175e-05
42	230	231	Node230	Node231	FALSE	4	GSRD007975A00_BB1_01_D1a1a1a1a1b1;GSRD007975A01_BB1_02_D1a1a1a1a1b1;GSRD008106A00_BB0_01_D1a1a1a1a1b1	0.646103264043607	2.9e-05	FALSE	4.48844660194175e-05
43	231	232	Node231	Node232	FALSE	2	GSRD008106A00_BB0_01_D1a1a1a1a1b1;GSRD008106A01_BB0_01_D1a1a1a1a1b1	4.07713439034414	0.000183	FALSE	4.48844660194175e-05
44	232	20	Node232	GSRD008106A01_BB0_01_D1a1a1a1a1b1	TRUE	1	GSRD008106A01_BB0_01_D1a1a1a1a1b1	0.0222794228980554	1e-06	FALSE	4.48844660194175e-05
45	232	21	Node232	GSRD008106A00_BB0_01_D1a1a1a1a1b1	TRUE	1	GSRD008106A00_BB0_01_D1a1a1a1a1b1	0.0222794228980554	1e-06	FALSE	4.48844660194175e-05
46	231	233	Node231	Node233	FALSE	2	GSRD007975A00_BB1_01_D1a1a1a1a1b1;GSRD007975A01_BB1_02_D1a1a1a1a1b1	3.25279574311609	0.000146	FALSE	4.48844660194175e-05
47	233	22	Node233	GSRD007975A00_BB1_01_D1a1a1a1a1b1	TRUE	1	GSRD007975A00_BB1_01_D1a1a1a1a1b1	0.0222794228980554	1e-06	FALSE	4.48844660194175e-05
48	233	23	Node233	GSRD007975A01_BB1_02_D1a1a1a1a1b1	TRUE	1	GSRD007975A01_BB1_02_D1a1a1a1a1b1	0.0222794228980554	1e-06	FALSE	4.48844660194175e-05
49	230	234	Node230	Node234	FALSE	6	GSRD008184A00_BB1_01_D1a1a1a1a1b1;GSRD008184A01_BB1_01_D1a1a1a1a1b1;GSRD009863A00_BB0_00_D1a1a1a1a1b1	0.0222794228980554	1e-06	FALSE	4.48844660194175e-05
50	234	235	Node234	Node235	FALSE	5	GSRD008184A00_BB1_01_D1a1a1a1a1b1;GSRD008184A01_BB1_01_D1a1a1a1a1b1;GSRD009863A00_BB0_00_D1a1a1a1a1b1	0.334191343470831	1.5e-05	FALSE	4.48844660194175e-05
51	235	236	Node235	Node236	FALSE	3	GSRD008184A00_BB1_01_D1a1a1a1a1b1;GSRD008184A01_BB1_01_D1a1a1a1a1b1;GSRD020852A00_BB1_01_D1a1a1a1a1b1	0.646103264043607	2.9e-05	FALSE	4.48844660194175e-05
52	236	237	Node236	Node237	FALSE	2	GSRD008184A00_BB1_01_D1a1a1a1a1b1;GSRD008184A01_BB1_01_D1a1a1a1a1b1	5.70353226190219	0.000256	FALSE	4.48844660194175e-05
53	237	24	Node237	GSRD008184A00_BB1_01_D1a1a1a1a1b1	TRUE	1	GSRD008184A00_BB1_01_D1a1a1a1a1b1	0.0222794228980554	1e-06	FALSE	4.48844660194175e-05
54	237	25	Node237	GSRD008184A01_BB1_01_D1a1a1a1a1b1	TRUE	1	GSRD008184A01_BB1_01_D1a1a1a1a1b1	0.0222794228980554	1e-06	FALSE	4.48844660194175e-05
55	236	26	Node236	GSRD020852A00_BB1_01_D1a1a1a1a1b1	TRUE	1	GSRD020852A00_BB1_01_D1a1a1a1a1b1	0.490147303757219	2.2e-05	FALSE	4.48844660194175e-05
56	235	238	Node235	Node238	FALSE	2	GSRD009863A00_BB0_00_D1a1a1a1a1b1;WDC11806290166_D1a1a1a1a1b1	4.05485496744609	0.000182	FALSE	4.48844660194175e-05
57	238	27	Node238	GSRD009863A00_BB0_00_D1a1a1a1a1b1	TRUE	1	GSRD009863A00_BB0_00_D1a1a1a1a1b1	0.668382686941662	3e-05	FALSE	4.48844660194175e-05
58	238	28	Node238	WDC11806290166_D1a1a1a1a1b1	TRUE	1	WDC11806290166_D1a1a1a1a1b1	0.0222794228980554	1e-06	FALSE	4.48844660194175e-05
59	234	29	Node234	WDC11806290089_D1a1a1a1a1b	TRUE	1	WDC11806290089_D1a1a1a1a1b	0.490147303757219	2.2e-05	FALSE	4.48844660194175e-05
60	229	239	Node229	Node239	FALSE	60	GSRD007997A00_BB1_01_D1a1a1a1a1b1;GSRD007997A01_BB1_01_D1a1a1a1a1b1;GSRD008084A00_BB1_01_D1a1a1a1a1b1	1.96058921502888	8.8e-05	FALSE	4.48844660194175e-05
61	239	240	Node239	Node240	FALSE	10	GSRD008312A01_BB1_01_D1a1a1a1a1b1;GSRD009551A00_BB0_01_D1a1a1a1a1b1;GSRD020252A00_BB1_01_D1a1a1a1a1b1	0.846618070126106	3.8e-05	FALSE	4.48844660194175e-05
62	240	241	Node240	Node241	FALSE	9	GSRD009551A00_BB0_01_D1a1a1a1a1b1;GSRD020252A00_BB1_01_D1a1a1a1a1b1;GSRD020521A00_BB1_01_D1a1a1a1a1b1	0.200514806082499	9e-06	FALSE	4.48844660194175e-05
63	241	30	Node241	GSRD020252A00_BB1_01_D1a1a1a1a1b1	TRUE	1	GSRD020252A00_BB1_01_D1a1a1a1a1b1	0.0222794228980554	1e-06	FALSE	4.48844660194175e-05
64	241	242	Node241	Node242	FALSE	8	GSRD009551A00_BB0_01_D1a1a1a1a1b1;GSRD020521A00_BB1_01_D1a1a1a1a1b1;GSRD020526A00_BB1_01_D1a1a1a1a1b1	0.0222794228980554	1e-06	FALSE	4.48844660194175e-05
65	242	31	Node242	GSRD009551A00_BB0_01_D1a1a1a1a1b1	TRUE	1	GSRD009551A00_BB0_01_D1a1a1a1a1b1	4.07713439034414	0.000183	FALSE	4.48844660194175e-05
66	242	243	Node242	Node243	FALSE	7	GSRD020521A00_BB1_01_D1a1a1a1a1b1;GSRD020526A00_BB1_01_D1a1a1a1a1b1;GSRD020532A00_BB1_01_D1a1a1a1a1b1	0.646103264043607	2.9e-05	FALSE	4.48844660194175e-05
67	243	244	Node243	Node244	FALSE	6	GSRD020521A00_BB1_01_D1a1a1a1a1b1;GSRD020526A00_BB1_01_D1a1a1a1a1b1;GSRD020532A00_BB1_01_D1a1a1a1a1b1	0.0222794228980554	1e-06	FALSE	4.48844660194175e-05
68	244	245	Node244	Node245	FALSE	4	GSRD020521A00_BB1_01_D1a1a1a1a1b1;GSRD020532A00_BB1_01_D1a1a1a1a1b1;GSRD020533A00_BB1_01_D1a1a1a1a1b1	0.0222794228980554	1e-06	FALSE	4.48844660194175e-05
69	245	32	Node245	GSRD020935A00_BB1_01_D1a1a1a1a1b1	TRUE	1	GSRD020935A00_BB1_01_D1a1a1a1a1b1	0.0222794228980554	1e-06	FALSE	4.48844660194175e-05
70	245	246	Node245	Node246	FALSE	3	GSRD020521A00_BB1_01_D1a1a1a1a1b1;GSRD020532A00_BB1_01_D1a1a1a1a1b1;GSRD020533A00_BB1_01_D1a1a1a1a1b1	0.0222794228980554	1e-06	FALSE	4.48844660194175e-05
71	246	33	Node246	GSRD020532A00_BB1_01_D1a1a1a1a1b1	TRUE	1	GSRD020532A00_BB1_01_D1a1a1a1a1b1	0.0222794228980554	1e-06	FALSE	4.48844660194175e-05
72	246	247	Node246	Node247	FALSE	2	GSRD020521A00_BB1_01_D1a1a1a1a1b1;GSRD020533A00_BB1_01_D1a1a1a1a1b1	0.0222794228980554	1e-06	FALSE	4.48844660194175e-05
73	247	34	Node247	GSRD020533A00_BB1_01_D1a1a1a1a1b1	TRUE	1	GSRD020533A00_BB1_01_D1a1a1a1a1b1	0.0222794228980554	1e-06	FALSE	4.48844660194175e-05
74	247	35	Node247	GSRD020521A00_BB1_01_D1a1a1a1a1b1	TRUE	1	GSRD020521A00_BB1_01_D1a1a1a1a1b1	0.0222794228980554	1e-06	FALSE	4.48844660194175e-05
75	244	248	Node244	Node248	FALSE	2	GSRD020526A00_BB1_01_D1a1a1a1a1b1;GSRD020557A00_BB1_01_D1a1a1a1a1b1	0.0222794228980554	1e-06	FALSE	4.48844660194175e-05
76	248	36	Node248	GSRD020526A00_BB1_01_D1a1a1a1a1b1	TRUE	1	GSRD020526A00_BB1_01_D1a1a1a1a1b1	0.0222794228980554	1e-06	FALSE	4.48844660194175e-05
77	248	37	Node248	GSRD020557A00_BB1_01_D1a1a1a1a1b1	TRUE	1	GSRD020557A00_BB1_01_D1a1a1a1a1b1	0.0222794228980554	1e-06	FALSE	4.48844660194175e-05
78	243	38	Node243	GSRD020931A00_BB1_01_D1a1a1a1a1b1	TRUE	1	GSRD020931A00_BB1_01_D1a1a1a1a1b1	0.0222794228980554	1e-06	FALSE	4.48844660194175e-05
79	240	39	Node240	GSRD008312A01_BB1_01_D1a1a1a1a1b1	TRUE	1	GSRD008312A01_BB1_01_D1a1a1a1a1b1	1.96058921502888	8.8e-05	FALSE	4.48844660194175e-05
80	239	249	Node239	Node249	FALSE	50	GSRD007997A00_BB1_01_D1a1a1a1a1b1;GSRD007997A01_BB1_01_D1a1a1a1a1b1;GSRD008084A00_BB1_01_D1a1a1a1a1b1	0.646103264043607	2.9e-05	FALSE	4.48844660194175e-05
81	249	250	Node249	Node250	FALSE	14	GSRD008140A00_BB1_02_D1a1a1a1a1b1;GSRD008140A01_BB1_01_D1a1a1a1a1b1;GSRD008144A00_BB1_01_D1a1a1a1a1b1	0.490147303757219	2.2e-05	FALSE	4.48844660194175e-05
82	250	251	Node250	Node251	FALSE	5	GSRD008140A00_BB1_02_D1a1a1a1a1b1;GSRD008140A01_BB1_01_D1a1a1a1a1b1;GSRD019993A00_BB1_01_D1a1a1a1a1b1	0.0222794228980554	1e-06	FALSE	4.48844660194175e-05
83	251	252	Node251	Node252	FALSE	2	GSRD008140A00_BB1_02_D1a1a1a1a1b1;GSRD008140A01_BB1_01_D1a1a1a1a1b1	3.8988990071597	0.000175	FALSE	4.48844660194175e-05
84	252	40	Node252	GSRD008140A01_BB1_01_D1a1a1a1a1b1	TRUE	1	GSRD008140A01_BB1_01_D1a1a1a1a1b1	0.0222794228980554	1e-06	FALSE	4.48844660194175e-05
85	252	41	Node252	GSRD008140A00_BB1_02_D1a1a1a1a1b1	TRUE	1	GSRD008140A00_BB1_02_D1a1a1a1a1b1	0.0222794228980554	1e-06	FALSE	4.48844660194175e-05
86	251	253	Node251	Node253	FALSE	3	GSRD019993A00_BB1_01_D1a1a1a1a1b1;GSRD020207A00_BB1_01_D1a1a1a1a1b1;GSRD020920A00_BB1_01_D1a1a1a1a1b1	0.155955960286388	7e-06	FALSE	4.48844660194175e-05
87	253	42	Node253	GSRD020920A00_BB1_01_D1a1a1a1a1b1	TRUE	1	GSRD020920A00_BB1_01_D1a1a1a1a1b1	0.155955960286388	7e-06	FALSE	4.48844660194175e-05
88	253	254	Node253	Node254	FALSE	2	GSRD019993A00_BB1_01_D1a1a1a1a1b1;GSRD020207A00_BB1_01_D1a1a1a1a1b1	0.155955960286388	7e-06	FALSE	4.48844660194175e-05
89	254	43	Node254	GSRD020207A00_BB1_01_D1a1a1a1a1b1	TRUE	1	GSRD020207A00_BB1_01_D1a1a1a1a1b1	0.0222794228980554	1e-06	FALSE	4.48844660194175e-05
90	254	44	Node254	GSRD019993A00_BB1_01_D1a1a1a1a1b1	TRUE	1	GSRD019993A00_BB1_01_D1a1a1a1a1b1	0.0222794228980554	1e-06	FALSE	4.48844660194175e-05
91	250	255	Node250	Node255	FALSE	9	GSRD008144A00_BB1_01_D1a1a1a1a1b1;GSRD008144A01_BB1_01_D1a1a1a1a1b1;GSRD008247A00_BB1_01_D1a1a1a1a1b1	0.178235383184443	8e-06	FALSE	4.48844660194175e-05
92	255	256	Node255	Node256	FALSE	7	GSRD008144A00_BB1_01_D1a1a1a1a1b1;GSRD008144A01_BB1_01_D1a1a1a1a1b1;GSRD008247A00_BB1_01_D1a1a1a1a1b1	2.60669247907248	0.000117	FALSE	4.48844660194175e-05
93	256	257	Node256	Node257	FALSE	5	GSRD008247A00_BB1_01_D1a1a1a1a1b1;GSRD008247A01_BB1_01_D1a1a1a1a1b1;WDC11806290047_D1a1a1a1a1b1	0.155955960286388	7e-06	FALSE	4.48844660194175e-05
94	257	45	Node257	WDC11806290061_D1a1a1a1a1b1	TRUE	1	WDC11806290061_D1a1a1a1a1b1	0.0222794228980554	1e-06	FALSE	4.48844660194175e-05
95	257	258	Node257	Node258	FALSE	4	GSRD008247A00_BB1_01_D1a1a1a1a1b1;GSRD008247A01_BB1_01_D1a1a1a1a1b1;WDC11806290047_D1a1a1a1a1b1	0.0222794228980554	1e-06	FALSE	4.48844660194175e-05
96	258	259	Node258	Node259	FALSE	3	GSRD008247A00_BB1_01_D1a1a1a1a1b1;GSRD008247A01_BB1_01_D1a1a1a1a1b1;WDC11806290047_D1a1a1a1a1b1	0.334191343470831	1.5e-05	FALSE	4.48844660194175e-05
97	259	46	Node259	WDC11806290047_D1a1a1a1a1b1	TRUE	1	WDC11806290047_D1a1a1a1a1b1	0.0222794228980554	1e-06	FALSE	4.48844660194175e-05
98	259	260	Node259	Node260	FALSE	2	GSRD008247A00_BB1_01_D1a1a1a1a1b1;GSRD008247A01_BB1_01_D1a1a1a1a1b1	2.11654517531526	9.5e-05	FALSE	4.48844660194175e-05
99	260	47	Node260	GSRD008247A00_BB1_01_D1a1a1a1a1b1	TRUE	1	GSRD008247A00_BB1_01_D1a1a1a1a1b1	0.0222794228980554	1e-06	FALSE	4.48844660194175e-05
100	260	48	Node260	GSRD008247A01_BB1_01_D1a1a1a1a1b1	TRUE	1	GSRD008247A01_BB1_01_D1a1a1a1a1b1	0.0222794228980554	1e-06	FALSE	4.48844660194175e-05
101	258	49	Node258	WDC11806290098_D1a1a1a1a1b1	TRUE	1	WDC11806290098_D1a1a1a1a1b1	0.155955960286388	7e-06	FALSE	4.48844660194175e-05
102	256	261	Node256	Node261	FALSE	2	GSRD008144A00_BB1_01_D1a1a1a1a1b1;GSRD008144A01_BB1_01_D1a1a1a1a1b1	1.78235383184443	8e-05	FALSE	4.48844660194175e-05
103	261	50	Node261	GSRD008144A00_BB1_01_D1a1a1a1a1b1	TRUE	1	GSRD008144A00_BB1_01_D1a1a1a1a1b1	0.0222794228980554	1e-06	FALSE	4.48844660194175e-05
104	261	51	Node261	GSRD008144A01_BB1_01_D1a1a1a1a1b1	TRUE	1	GSRD008144A01_BB1_01_D1a1a1a1a1b1	0.0222794228980554	1e-06	FALSE	4.48844660194175e-05
105	255	262	Node255	Node262	FALSE	2	GSRD008303A00_BB1_01_D1a1a1a1a1b1;GSRD008303A01_BB1_01_D1a1a1a1a1b1	3.40875170340248	0.000153	FALSE	4.48844660194175e-05
106	262	52	Node262	GSRD008303A01_BB1_01_D1a1a1a1a1b1	TRUE	1	GSRD008303A01_BB1_01_D1a1a1a1a1b1	0.0222794228980554	1e-06	FALSE	4.48844660194175e-05
107	262	53	Node262	GSRD008303A00_BB1_01_D1a1a1a1a1b1	TRUE	1	GSRD008303A00_BB1_01_D1a1a1a1a1b1	0.0222794228980554	1e-06	FALSE	4.48844660194175e-05
108	249	263	Node249	Node263	FALSE	36	GSRD007997A00_BB1_01_D1a1a1a1a1b1;GSRD007997A01_BB1_01_D1a1a1a1a1b1;GSRD008084A00_BB1_01_D1a1a1a1a1b1	1.29220652808721	5.8e-05	FALSE	4.48844660194175e-05
109	263	54	Node263	GSRD020697A00_BB1_01_D1a1a1a1a1b1	TRUE	1	GSRD020697A00_BB1_01_D1a1a1a1a1b1	0.155955960286388	7e-06	FALSE	4.48844660194175e-05
110	263	264	Node263	Node264	FALSE	35	GSRD007997A00_BB1_01_D1a1a1a1a1b1;GSRD007997A01_BB1_01_D1a1a1a1a1b1;GSRD008084A00_BB1_01_D1a1a1a1a1b1	0.0222794228980554	1e-06	FALSE	4.48844660194175e-05
111	264	265	Node264	Node265	FALSE	2	GSRD020530A00_BB1_01_D1a1a1a1a1b1;GSRD020546A00_BB1_01_D1a1a1a1a1b1	0.0222794228980554	1e-06	FALSE	4.48844660194175e-05
112	265	55	Node265	GSRD020530A00_BB1_01_D1a1a1a1a1b1	TRUE	1	GSRD020530A00_BB1_01_D1a1a1a1a1b1	0.0222794228980554	1e-06	FALSE	4.48844660194175e-05
113	265	56	Node265	GSRD020546A00_BB1_01_D1a1a1a1a1b1	TRUE	1	GSRD020546A00_BB1_01_D1a1a1a1a1b1	0.0222794228980554	1e-06	FALSE	4.48844660194175e-05
114	264	266	Node264	Node266	FALSE	33	GSRD007997A00_BB1_01_D1a1a1a1a1b1;GSRD007997A01_BB1_01_D1a1a1a1a1b1;GSRD008084A00_BB1_01_D1a1a1a1a1b1	0.0222794228980554	1e-06	FALSE	4.48844660194175e-05
115	266	267	Node266	Node267	FALSE	2	GSRD020524A00_BB1_01_D1a1a1a1a1b1;GSRD020733A00_BB1_01_D1a1a1a1a1b1	0.0222794228980554	1e-06	FALSE	4.48844660194175e-05
116	267	57	Node267	GSRD020733A00_BB1_01_D1a1a1a1a1b1	TRUE	1	GSRD020733A00_BB1_01_D1a1a1a1a1b1	0.0222794228980554	1e-06	FALSE	4.48844660194175e-05
117	267	58	Node267	GSRD020524A00_BB1_01_D1a1a1a1a1b1	TRUE	1	GSRD020524A00_BB1_01_D1a1a1a1a1b1	0.0222794228980554	1e-06	FALSE	4.48844660194175e-05
118	266	268	Node266	Node268	FALSE	31	GSRD007997A00_BB1_01_D1a1a1a1a1b1;GSRD007997A01_BB1_01_D1a1a1a1a1b1;GSRD008084A00_BB1_01_D1a1a1a1a1b1	0.0222794228980554	1e-06	FALSE	4.48844660194175e-05
119	268	269	Node268	Node269	FALSE	30	GSRD007997A00_BB1_01_D1a1a1a1a1b1;GSRD007997A01_BB1_01_D1a1a1a1a1b1;GSRD008084A00_BB1_01_D1a1a1a1a1b1	0.82433864722805	3.7e-05	FALSE	4.48844660194175e-05
120	269	59	Node269	GSRD020361A00_BB1_01_D1a1a1a1a1b1	TRUE	1	GSRD020361A00_BB1_01_D1a1a1a1a1b1	0.0222794228980554	1e-06	FALSE	4.48844660194175e-05
121	269	270	Node269	Node270	FALSE	29	GSRD007997A00_BB1_01_D1a1a1a1a1b1;GSRD007997A01_BB1_01_D1a1a1a1a1b1;GSRD008084A00_BB1_01_D1a1a1a1a1b1	0.0222794228980554	1e-06	FALSE	4.48844660194175e-05
122	270	271	Node270	Node271	FALSE	22	GSRD007997A00_BB1_01_D1a1a1a1a1b1;GSRD007997A01_BB1_01_D1a1a1a1a1b1;GSRD008084A00_BB1_01_D1a1a1a1a1b1	0.155955960286388	7e-06	FALSE	4.48844660194175e-05
123	271	272	Node271	Node272	FALSE	4	GSRD007997A00_BB1_01_D1a1a1a1a1b1;GSRD007997A01_BB1_01_D1a1a1a1a1b1;GSRD020543A00_BB1_01_D1a1a1a1a1b1	0.0222794228980554	1e-06	FALSE	4.48844660194175e-05
124	272	273	Node272	Node273	FALSE	2	GSRD020543A00_BB1_01_D1a1a1a1a1b1;GSRD020544A00_BB1_01_D1a1a1a1a1b1	0.155955960286388	7e-06	FALSE	4.48844660194175e-05
125	273	60	Node273	GSRD020544A00_BB1_01_D1a1a1a1a1b1	TRUE	1	GSRD020544A00_BB1_01_D1a1a1a1a1b1	0.0222794228980554	1e-06	FALSE	4.48844660194175e-05
126	273	61	Node273	GSRD020543A00_BB1_01_D1a1a1a1a1b1	TRUE	1	GSRD020543A00_BB1_01_D1a1a1a1a1b1	0.0222794228980554	1e-06	FALSE	4.48844660194175e-05
127	272	274	Node272	Node274	FALSE	2	GSRD007997A00_BB1_01_D1a1a1a1a1b1;GSRD007997A01_BB1_01_D1a1a1a1a1b1	2.11654517531526	9.5e-05	FALSE	4.48844660194175e-05
128	274	62	Node274	GSRD007997A00_BB1_01_D1a1a1a1a1b1	TRUE	1	GSRD007997A00_BB1_01_D1a1a1a1a1b1	0.0222794228980554	1e-06	FALSE	4.48844660194175e-05
129	274	63	Node274	GSRD007997A01_BB1_01_D1a1a1a1a1b1	TRUE	1	GSRD007997A01_BB1_01_D1a1a1a1a1b1	0.0222794228980554	1e-06	FALSE	4.48844660194175e-05
130	271	275	Node271	Node275	FALSE	18	GSRD008084A00_BB1_01_D1a1a1a1a1b1;GSRD008088A01_BB1_01_D1a1a1a1a1b1;GSRD008129A01_BB0_02_D1a1a1a1a1b1	0.0222794228980554	1e-06	FALSE	4.48844660194175e-05
131	275	276	Node275	Node276	FALSE	8	GSRD008084A00_BB1_01_D1a1a1a1a1b1;GSRD008314A01_BB1_01_D1a1a1a1a1b1;GSRD020552A00_BB1_01_D1a1a1a1a1b1	0.0222794228980554	1e-06	FALSE	4.48844660194175e-05
132	276	277	Node276	Node277	FALSE	6	GSRD008084A00_BB1_01_D1a1a1a1a1b1;GSRD008314A01_BB1_01_D1a1a1a1a1b1;GSRD020619A00_BB1_01_D1a1a1a1a1b1	0.0222794228980554	1e-06	FALSE	4.48844660194175e-05
133	277	64	Node277	GSRD008084A00_BB1_01_D1a1a1a1a1b1	TRUE	1	GSRD008084A00_BB1_01_D1a1a1a1a1b1	2.91860439964526	0.000131	FALSE	4.48844660194175e-05
134	277	278	Node277	Node278	FALSE	5	GSRD008314A01_BB1_01_D1a1a1a1a1b1;GSRD020619A00_BB1_01_D1a1a1a1a1b1;GSRD020850A00_BB1_01_D1a1a1a1a1b1	0.0445588457961108	2e-06	FALSE	4.48844660194175e-05
135	278	279	Node278	Node279	FALSE	2	GSRD008314A01_BB1_01_D1a1a1a1a1b1;GSRD020619A00_BB1_01_D1a1a1a1a1b1	0.0222794228980554	1e-06	FALSE	4.48844660194175e-05
136	279	65	Node279	GSRD020619A00_BB1_01_D1a1a1a1a1b1	TRUE	1	GSRD020619A00_BB1_01_D1a1a1a1a1b1	0.646103264043607	2.9e-05	FALSE	4.48844660194175e-05
137	279	66	Node279	GSRD008314A01_BB1_01_D1a1a1a1a1b1	TRUE	1	GSRD008314A01_BB1_01_D1a1a1a1a1b1	1.47044191127166	6.6e-05	FALSE	4.48844660194175e-05
138	278	280	Node278	Node280	FALSE	3	GSRD020850A00_BB1_01_D1a1a1a1a1b1;GSRD020965A00_BB1_01_D1a1a1a1a1b1;GSRD020981A00_BB1_01_D1a1a1a1a1b1	0.334191343470831	1.5e-05	FALSE	4.48844660194175e-05
139	280	67	Node280	GSRD020965A00_BB1_01_D1a1a1a1a1b1	TRUE	1	GSRD020965A00_BB1_01_D1a1a1a1a1b1	0.334191343470831	1.5e-05	FALSE	4.48844660194175e-05
140	280	281	Node280	Node281	FALSE	2	GSRD020850A00_BB1_01_D1a1a1a1a1b1;GSRD020981A00_BB1_01_D1a1a1a1a1b1	1.29220652808721	5.8e-05	FALSE	4.48844660194175e-05
141	281	68	Node281	GSRD020850A00_BB1_01_D1a1a1a1a1b1	TRUE	1	GSRD020850A00_BB1_01_D1a1a1a1a1b1	0.82433864722805	3.7e-05	FALSE	4.48844660194175e-05
142	281	69	Node281	GSRD020981A00_BB1_01_D1a1a1a1a1b1	TRUE	1	GSRD020981A00_BB1_01_D1a1a1a1a1b1	0.0222794228980554	1e-06	FALSE	4.48844660194175e-05
143	276	282	Node276	Node282	FALSE	2	GSRD020552A00_BB1_01_D1a1a1a1a1b1;GSRD020572A00_BB1_01_D1a1a1a1a1b1	0.0222794228980554	1e-06	FALSE	4.48844660194175e-05
144	282	70	Node282	GSRD020552A00_BB1_01_D1a1a1a1a1b1	TRUE	1	GSRD020552A00_BB1_01_D1a1a1a1a1b1	0.0222794228980554	1e-06	FALSE	4.48844660194175e-05
145	282	71	Node282	GSRD020572A00_BB1_01_D1a1a1a1a1b1	TRUE	1	GSRD020572A00_BB1_01_D1a1a1a1a1b1	0.0222794228980554	1e-06	FALSE	4.48844660194175e-05
146	275	283	Node275	Node283	FALSE	10	GSRD008088A01_BB1_01_D1a1a1a1a1b1;GSRD008129A01_BB0_02_D1a1a1a1a1b1;GSRD008317A00_BB1_01_D1a1a1a1a1b1	0.155955960286388	7e-06	FALSE	4.48844660194175e-05
147	283	284	Node283	Node284	FALSE	6	GSRD008088A01_BB1_01_D1a1a1a1a1b1;GSRD008129A01_BB0_02_D1a1a1a1a1b1;GSRD020391A00_BB1_01_D1a1a1a1a1b1	0.0222794228980554	1e-06	FALSE	4.48844660194175e-05
148	284	285	Node284	Node285	FALSE	4	GSRD020391A00_BB1_01_D1a1a1a1a1b1;GSRD020428A00_BB1_01_D1a1a1a1a1b1;GSRD020837A00_BB1_01_D1a1a1a1a1b1	0.0445588457961108	2e-06	FALSE	4.48844660194175e-05
149	285	286	Node285	Node286	FALSE	2	GSRD020428A00_BB1_01_D1a1a1a1a1b1;GSRD020840A00_BB1_01_D1a1a1a1a1b1	0.0222794228980554	1e-06	FALSE	4.48844660194175e-05
150	286	72	Node286	GSRD020840A00_BB1_01_D1a1a1a1a1b1	TRUE	1	GSRD020840A00_BB1_01_D1a1a1a1a1b1	0.0222794228980554	1e-06	FALSE	4.48844660194175e-05
151	286	73	Node286	GSRD020428A00_BB1_01_D1a1a1a1a1b1	TRUE	1	GSRD020428A00_BB1_01_D1a1a1a1a1b1	0.0222794228980554	1e-06	FALSE	4.48844660194175e-05
152	285	287	Node285	Node287	FALSE	2	GSRD020391A00_BB1_01_D1a1a1a1a1b1;GSRD020837A00_BB1_01_D1a1a1a1a1b1	0.0222794228980554	1e-06	FALSE	4.48844660194175e-05
153	287	74	Node287	GSRD020837A00_BB1_01_D1a1a1a1a1b1	TRUE	1	GSRD020837A00_BB1_01_D1a1a1a1a1b1	0.0222794228980554	1e-06	FALSE	4.48844660194175e-05
154	287	75	Node287	GSRD020391A00_BB1_01_D1a1a1a1a1b1	TRUE	1	GSRD020391A00_BB1_01_D1a1a1a1a1b1	0.0222794228980554	1e-06	FALSE	4.48844660194175e-05
155	284	288	Node284	Node288	FALSE	2	GSRD008088A01_BB1_01_D1a1a1a1a1b1;GSRD008129A01_BB0_02_D1a1a1a1a1b1	0.980294607514438	4.4e-05	FALSE	4.48844660194175e-05
156	288	76	Node288	GSRD008129A01_BB0_02_D1a1a1a1a1b1	TRUE	1	GSRD008129A01_BB0_02_D1a1a1a1a1b1	0.0222794228980554	1e-06	FALSE	4.48844660194175e-05
157	288	77	Node288	GSRD008088A01_BB1_01_D1a1a1a1a1b1	TRUE	1	GSRD008088A01_BB1_01_D1a1a1a1a1b1	0.668382686941662	3e-05	FALSE	4.48844660194175e-05
158	283	289	Node283	Node289	FALSE	4	GSRD008317A00_BB1_01_D1a1a1a1a1b1;GSRD008317A01_BB1_01_D1a1a1a1a1b1;GSRD020352A00_BB1_01_D1a1a1a1a1b1	0.0222794228980554	1e-06	FALSE	4.48844660194175e-05
159	289	290	Node289	Node290	FALSE	3	GSRD008317A00_BB1_01_D1a1a1a1a1b1;GSRD008317A01_BB1_01_D1a1a1a1a1b1;GSRD020352A00_BB1_01_D1a1a1a1a1b1	0.0222794228980554	1e-06	FALSE	4.48844660194175e-05
160	290	291	Node290	Node291	FALSE	2	GSRD008317A00_BB1_01_D1a1a1a1a1b1;GSRD008317A01_BB1_01_D1a1a1a1a1b1	1.82691267764054	8.2e-05	FALSE	4.48844660194175e-05
161	291	78	Node291	GSRD008317A01_BB1_01_D1a1a1a1a1b1	TRUE	1	GSRD008317A01_BB1_01_D1a1a1a1a1b1	0.0222794228980554	1e-06	FALSE	4.48844660194175e-05
162	291	79	Node291	GSRD008317A00_BB1_01_D1a1a1a1a1b1	TRUE	1	GSRD008317A00_BB1_01_D1a1a1a1a1b1	0.0222794228980554	1e-06	FALSE	4.48844660194175e-05
163	290	80	Node290	GSRD020352A00_BB1_01_D1a1a1a1a1b1	TRUE	1	GSRD020352A00_BB1_01_D1a1a1a1a1b1	0.0222794228980554	1e-06	FALSE	4.48844660194175e-05
164	289	81	Node289	GSRD020455A00_BB1_01_D1a1a1a1a1b1	TRUE	1	GSRD020455A00_BB1_01_D1a1a1a1a1b1	0.155955960286388	7e-06	FALSE	4.48844660194175e-05
165	270	292	Node270	Node292	FALSE	7	GSRD020019A00_BB1_01_D1a1a1a1a1b1;GSRD020065A00_BB1_01_D1a1a1a1a1b1;GSRD020488A00_BB1_01_D1a1a1a1a1b1	0.0222794228980554	1e-06	FALSE	4.48844660194175e-05
166	292	293	Node292	Node293	FALSE	2	GSRD020488A00_BB1_01_D1a1a1a1a1b1;GSRD020991A00_BB1_01_D1a1a1a1a1b1	0.0222794228980554	1e-06	FALSE	4.48844660194175e-05
167	293	82	Node293	GSRD020488A00_BB1_01_D1a1a1a1a1b1	TRUE	1	GSRD020488A00_BB1_01_D1a1a1a1a1b1	0.334191343470831	1.5e-05	FALSE	4.48844660194175e-05
168	293	83	Node293	GSRD020991A00_BB1_01_D1a1a1a1a1b1	TRUE	1	GSRD020991A00_BB1_01_D1a1a1a1a1b1	0.0222794228980554	1e-06	FALSE	4.48844660194175e-05
169	292	294	Node292	Node294	FALSE	5	GSRD020019A00_BB1_01_D1a1a1a1a1b1;GSRD020065A00_BB1_01_D1a1a1a1a1b1;GSRD020523A00_BB1_01_D1a1a1a1a1b1	0.155955960286388	7e-06	FALSE	4.48844660194175e-05
170	294	295	Node294	Node295	FALSE	4	GSRD020019A00_BB1_01_D1a1a1a1a1b1;GSRD020065A00_BB1_01_D1a1a1a1a1b1;GSRD020926A00_BB1_01_D1a1a1a1a1b1	0.0222794228980554	1e-06	FALSE	4.48844660194175e-05
171	295	296	Node295	Node296	FALSE	2	GSRD020926A00_BB1_01_D1a1a1a1a1b1;GSRD020928A00_BB1_01_D1a1a1a1a1b1	0.0222794228980554	1e-06	FALSE	4.48844660194175e-05
172	296	84	Node296	GSRD020926A00_BB1_01_D1a1a1a1a1b1	TRUE	1	GSRD020926A00_BB1_01_D1a1a1a1a1b1	0.0222794228980554	1e-06	FALSE	4.48844660194175e-05
173	296	85	Node296	GSRD020928A00_BB1_01_D1a1a1a1a1b1	TRUE	1	GSRD020928A00_BB1_01_D1a1a1a1a1b1	0.0222794228980554	1e-06	FALSE	4.48844660194175e-05
174	295	297	Node295	Node297	FALSE	2	GSRD020019A00_BB1_01_D1a1a1a1a1b1;GSRD020065A00_BB1_01_D1a1a1a1a1b1	0.155955960286388	7e-06	FALSE	4.48844660194175e-05
175	297	86	Node297	GSRD020019A00_BB1_01_D1a1a1a1a1b1	TRUE	1	GSRD020019A00_BB1_01_D1a1a1a1a1b1	0.0222794228980554	1e-06	FALSE	4.48844660194175e-05
176	297	87	Node297	GSRD020065A00_BB1_01_D1a1a1a1a1b1	TRUE	1	GSRD020065A00_BB1_01_D1a1a1a1a1b1	0.0222794228980554	1e-06	FALSE	4.48844660194175e-05
177	294	88	Node294	GSRD020523A00_BB1_01_D1a1a1a1a1b1	TRUE	1	GSRD020523A00_BB1_01_D1a1a1a1a1b1	0.0222794228980554	1e-06	FALSE	4.48844660194175e-05
178	268	89	Node268	GSRD020909A00_BB1_01_D1a1a1a1a1b1	TRUE	1	GSRD020909A00_BB1_01_D1a1a1a1a1b1	0.0222794228980554	1e-06	FALSE	4.48844660194175e-05
179	218	298	Node218	Node298	FALSE	110	Chuan10231A03_BB0_01_D1a1a1a1b;GSRD002335A00_BB1_01_D1a1a1a1b;GSRD005407A00_BB0_01_D1a1a1a1b	12.053167787848	0.000541	FALSE	4.48844660194175e-05
180	298	90	Node298	Y_HRR2695345.bam__	TRUE	1	Y_HRR2695345.bam__	2.22794228980554	1e-04	FALSE	4.48844660194175e-05
181	298	299	Node298	Node299	FALSE	109	Chuan10231A03_BB0_01_D1a1a1a1b;GSRD002335A00_BB1_01_D1a1a1a1b;GSRD005407A00_BB0_01_D1a1a1a1b	0.00222794228980554	1e-07	TRUE	4.48844660194175e-05
182	299	91	Node299	Y_HRR1257504.remap.sorted_rg.bam__	TRUE	1	Y_HRR1257504.remap.sorted_rg.bam__	2.22794228980554	1e-04	FALSE	4.48844660194175e-05
183	299	300	Node299	Node300	FALSE	108	Chuan10231A03_BB0_01_D1a1a1a1b;GSRD002335A00_BB1_01_D1a1a1a1b;GSRD005407A00_BB0_01_D1a1a1a1b	0.00222794228980554	1e-07	TRUE	4.48844660194175e-05
184	300	92	Node300	L8796.Y.trim.Y.Dedup.bam__	TRUE	1	L8796.Y.trim.Y.Dedup.bam__	2.22794228980554	1e-04	FALSE	4.48844660194175e-05
185	300	301	Node300	Node301	FALSE	107	Chuan10231A03_BB0_01_D1a1a1a1b;GSRD002335A00_BB1_01_D1a1a1a1b;GSRD005407A00_BB0_01_D1a1a1a1b	0.00222794228980554	1e-07	TRUE	4.48844660194175e-05
186	301	93	Node301	L8063.Y.trim.bam__	TRUE	1	L8063.Y.trim.bam__	2.22794228980554	1e-04	FALSE	4.48844660194175e-05
187	301	302	Node301	Node302	FALSE	106	Chuan10231A03_BB0_01_D1a1a1a1b;GSRD002335A00_BB1_01_D1a1a1a1b;GSRD005407A00_BB0_01_D1a1a1a1b	0.00222794228980554	1e-07	TRUE	4.48844660194175e-05
188	302	94	Node302	HRR660149_Y_rg.bam__	TRUE	1	HRR660149_Y_rg.bam__	2.22794228980554	1e-04	FALSE	4.48844660194175e-05
189	302	303	Node302	Node303	FALSE	105	Chuan10231A03_BB0_01_D1a1a1a1b;GSRD002335A00_BB1_01_D1a1a1a1b;GSRD005407A00_BB0_01_D1a1a1a1b	0.00222794228980554	1e-07	TRUE	4.48844660194175e-05
190	303	95	Node303	HRR1385303.Y.bam__	TRUE	1	HRR1385303.Y.bam__	2.22794228980554	1e-04	FALSE	4.48844660194175e-05
191	303	304	Node303	Node304	FALSE	104	Chuan10231A03_BB0_01_D1a1a1a1b;GSRD002335A00_BB1_01_D1a1a1a1b;GSRD005407A00_BB0_01_D1a1a1a1b	0.00222794228980554	1e-07	TRUE	4.48844660194175e-05
192	304	96	Node304	HRR1385287.Y.bam__	TRUE	1	HRR1385287.Y.bam__	2.22794228980554	1e-04	FALSE	4.48844660194175e-05
193	304	305	Node304	Node305	FALSE	103	Chuan10231A03_BB0_01_D1a1a1a1b;GSRD002335A00_BB1_01_D1a1a1a1b;GSRD005407A00_BB0_01_D1a1a1a1b	0.00222794228980554	1e-07	TRUE	4.48844660194175e-05
194	305	306	Node305	Node306	FALSE	66	Chuan10231A03_BB0_01_D1a1a1a1b;GSRD002335A00_BB1_01_D1a1a1a1b;GSRD005407A00_BB0_01_D1a1a1a1b	0.334191343470831	1.5e-05	FALSE	4.48844660194175e-05
195	306	307	Node306	Node307	FALSE	2	GSRD008320A01_BB1_01_D1a1a1a1b;YSW00492A00_BB0_00_D1a1a1a1b	0.155955960286388	7e-06	FALSE	4.48844660194175e-05
196	307	97	Node307	YSW00492A00_BB0_00_D1a1a1a1b	TRUE	1	YSW00492A00_BB0_00_D1a1a1a1b	7.48588609374662	0.000336	FALSE	4.48844660194175e-05
197	307	98	Node307	GSRD008320A01_BB1_01_D1a1a1a1b	TRUE	1	GSRD008320A01_BB1_01_D1a1a1a1b	5.21338495814497	0.000234	FALSE	4.48844660194175e-05
198	306	308	Node306	Node308	FALSE	64	Chuan10231A03_BB0_01_D1a1a1a1b;GSRD002335A00_BB1_01_D1a1a1a1b;GSRD005407A00_BB0_01_D1a1a1a1b	1.13625056780083	5.1e-05	FALSE	4.48844660194175e-05
199	308	309	Node308	Node309	FALSE	49	Chuan10231A03_BB0_01_D1a1a1a1b;GSRD002335A00_BB1_01_D1a1a1a1b;GSRD005407A00_BB0_01_D1a1a1a1b	0.0222794228980554	1e-06	FALSE	4.48844660194175e-05
200	309	310	Node309	Node310	FALSE	48	Chuan10231A03_BB0_01_D1a1a1a1b;GSRD002335A00_BB1_01_D1a1a1a1b;GSRD005407A00_BB0_01_D1a1a1a1b	0.0222794228980554	1e-06	FALSE	4.48844660194175e-05
201	310	311	Node310	Node311	FALSE	15	GSRD008047A01_BB1_01_D1a1a1a1b;GSRD008057A00_BB1_01_D1a1a1a1b;GSRD008057A01_BB1_01_D1a1a1a1b	0.490147303757219	2.2e-05	FALSE	4.48844660194175e-05
202	311	312	Node311	Node312	FALSE	6	GSRD008057A00_BB1_01_D1a1a1a1b;GSRD008057A01_BB1_01_D1a1a1a1b;GSRD008157A01_BB1_01_D1a1a1a1b	1.47044191127166	6.6e-05	FALSE	4.48844660194175e-05
203	312	313	Node312	Node313	FALSE	5	GSRD008057A00_BB1_01_D1a1a1a1b;GSRD008057A01_BB1_01_D1a1a1a1b;GSRD008157A01_BB1_01_D1a1a1a1b	0.0222794228980554	1e-06	FALSE	4.48844660194175e-05
204	313	99	Node313	GSRD008157A01_BB1_01_D1a1a1a1b	TRUE	1	GSRD008157A01_BB1_01_D1a1a1a1b	1.96058921502888	8.8e-05	FALSE	4.48844660194175e-05
205	313	314	Node313	Node314	FALSE	4	GSRD008057A00_BB1_01_D1a1a1a1b;GSRD008057A01_BB1_01_D1a1a1a1b;WDC11806290049_D1a1a1a1b	0.334191343470831	1.5e-05	FALSE	4.48844660194175e-05
206	314	315	Node314	Node315	FALSE	2	GSRD008057A00_BB1_01_D1a1a1a1b;GSRD008057A01_BB1_01_D1a1a1a1b	0.82433864722805	3.7e-05	FALSE	4.48844660194175e-05
207	315	100	Node315	GSRD008057A00_BB1_01_D1a1a1a1b	TRUE	1	GSRD008057A00_BB1_01_D1a1a1a1b	0.0222794228980554	1e-06	FALSE	4.48844660194175e-05
208	315	101	Node315	GSRD008057A01_BB1_01_D1a1a1a1b	TRUE	1	GSRD008057A01_BB1_01_D1a1a1a1b	0.0222794228980554	1e-06	FALSE	4.48844660194175e-05
209	314	316	Node314	Node316	FALSE	2	WDC11806290049_D1a1a1a1b;WDC11806290077_D1a1a1a1b	0.155955960286388	7e-06	FALSE	4.48844660194175e-05
210	316	102	Node316	WDC11806290049_D1a1a1a1b	TRUE	1	WDC11806290049_D1a1a1a1b	0.155955960286388	7e-06	FALSE	4.48844660194175e-05
211	316	103	Node316	WDC11806290077_D1a1a1a1b	TRUE	1	WDC11806290077_D1a1a1a1b	0.512426726655275	2.3e-05	FALSE	4.48844660194175e-05
212	312	104	Node312	WDC11806290062_D1a1a1a1b	TRUE	1	WDC11806290062_D1a1a1a1b	0.53470614955333	2.4e-05	FALSE	4.48844660194175e-05
213	311	317	Node311	Node317	FALSE	9	GSRD008047A01_BB1_01_D1a1a1a1b;GSRD008111A00_BB0_01_D1a1a1a1b;GSRD008111A01_BB0_01_D1a1a1a1b	1.13625056780083	5.1e-05	FALSE	4.48844660194175e-05
214	317	105	Node317	GSRD020389A00_BB1_01_D1a1a1a1b	TRUE	1	GSRD020389A00_BB1_01_D1a1a1a1b	0.0222794228980554	1e-06	FALSE	4.48844660194175e-05
215	317	318	Node317	Node318	FALSE	8	GSRD008047A01_BB1_01_D1a1a1a1b;GSRD008111A00_BB0_01_D1a1a1a1b;GSRD008111A01_BB0_01_D1a1a1a1b	0.0222794228980554	1e-06	FALSE	4.48844660194175e-05
216	318	319	Node318	Node319	FALSE	3	GSRD008047A01_BB1_01_D1a1a1a1b;GSRD008171A00_BB1_01_D1a1a1a1b;GSRD008171A01_BB1_01_D1a1a1a1b	0.334191343470831	1.5e-05	FALSE	4.48844660194175e-05
217	319	320	Node319	Node320	FALSE	2	GSRD008171A00_BB1_01_D1a1a1a1b;GSRD008171A01_BB1_01_D1a1a1a1b	1.47044191127166	6.6e-05	FALSE	4.48844660194175e-05
218	320	106	Node320	GSRD008171A00_BB1_01_D1a1a1a1b	TRUE	1	GSRD008171A00_BB1_01_D1a1a1a1b	0.0222794228980554	1e-06	FALSE	4.48844660194175e-05
219	320	107	Node320	GSRD008171A01_BB1_01_D1a1a1a1b	TRUE	1	GSRD008171A01_BB1_01_D1a1a1a1b	0.0222794228980554	1e-06	FALSE	4.48844660194175e-05
220	319	108	Node319	GSRD008047A01_BB1_01_D1a1a1a1b	TRUE	1	GSRD008047A01_BB1_01_D1a1a1a1b	0.646103264043607	2.9e-05	FALSE	4.48844660194175e-05
221	318	321	Node318	Node321	FALSE	5	GSRD008111A00_BB0_01_D1a1a1a1b;GSRD008111A01_BB0_01_D1a1a1a1b;GSRD008212A00_BB1_01_D1a1a1a1b	0.0222794228980554	1e-06	FALSE	4.48844660194175e-05
222	321	109	Node321	GSRD020327A00_BB1_01_D1a1a1a1b	TRUE	1	GSRD020327A00_BB1_01_D1a1a1a1b	0.0222794228980554	1e-06	FALSE	4.48844660194175e-05
223	321	322	Node321	Node322	FALSE	4	GSRD008111A00_BB0_01_D1a1a1a1b;GSRD008111A01_BB0_01_D1a1a1a1b;GSRD008212A00_BB1_01_D1a1a1a1b	0.0222794228980554	1e-06	FALSE	4.48844660194175e-05
224	322	323	Node322	Node323	FALSE	3	GSRD008111A00_BB0_01_D1a1a1a1b;GSRD008111A01_BB0_01_D1a1a1a1b;GSRD008212A00_BB1_01_D1a1a1a1b	1.33676537388332	6e-05	FALSE	4.48844660194175e-05
225	323	324	Node323	Node324	FALSE	2	GSRD008111A00_BB0_01_D1a1a1a1b;GSRD008111A01_BB0_01_D1a1a1a1b	0.490147303757219	2.2e-05	FALSE	4.48844660194175e-05
226	324	110	Node324	GSRD008111A00_BB0_01_D1a1a1a1b	TRUE	1	GSRD008111A00_BB0_01_D1a1a1a1b	0.0222794228980554	1e-06	FALSE	4.48844660194175e-05
227	324	111	Node324	GSRD008111A01_BB0_01_D1a1a1a1b	TRUE	1	GSRD008111A01_BB0_01_D1a1a1a1b	0.0222794228980554	1e-06	FALSE	4.48844660194175e-05
228	323	112	Node323	GSRD008212A00_BB1_01_D1a1a1a1b	TRUE	1	GSRD008212A00_BB1_01_D1a1a1a1b	0.0222794228980554	1e-06	FALSE	4.48844660194175e-05
229	322	113	Node322	GSRD020372A00_BB1_01_D1a1a1a1b	TRUE	1	GSRD020372A00_BB1_01_D1a1a1a1b	0.0222794228980554	1e-06	FALSE	4.48844660194175e-05
230	310	325	Node310	Node325	FALSE	33	Chuan10231A03_BB0_01_D1a1a1a1b;GSRD002335A00_BB1_01_D1a1a1a1b;GSRD005407A00_BB0_01_D1a1a1a1b	0.913456338820272	4.1e-05	FALSE	4.48844660194175e-05
231	325	114	Node325	WDC11806290102_D1a1a1a1b	TRUE	1	WDC11806290102_D1a1a1a1b	0.0222794228980554	1e-06	FALSE	4.48844660194175e-05
232	325	326	Node325	Node326	FALSE	32	Chuan10231A03_BB0_01_D1a1a1a1b;GSRD002335A00_BB1_01_D1a1a1a1b;GSRD005407A00_BB0_01_D1a1a1a1b	0.712941532737773	3.2e-05	FALSE	4.48844660194175e-05
233	326	327	Node326	Node327	FALSE	18	Chuan10231A03_BB0_01_D1a1a1a1b;GSRD005407A00_BB0_01_D1a1a1a1b;GSRD005692A00_BB1_01_D1a1a1a1b	0.155955960286388	7e-06	FALSE	4.48844660194175e-05
234	327	328	Node327	Node328	FALSE	10	Chuan10231A03_BB0_01_D1a1a1a1b;GSRD005407A00_BB0_01_D1a1a1a1b;GSRD005859A01_BB0_01_D1a1a1a1b	0.490147303757219	2.2e-05	FALSE	4.48844660194175e-05
235	328	329	Node328	Node329	FALSE	7	Chuan10231A03_BB0_01_D1a1a1a1b;GSRD005407A00_BB0_01_D1a1a1a1b;GSRD005859A01_BB0_01_D1a1a1a1b	0.646103264043607	2.9e-05	FALSE	4.48844660194175e-05
236	329	330	Node329	Node330	FALSE	4	Chuan10231A03_BB0_01_D1a1a1a1b;GSRD005407A00_BB0_01_D1a1a1a1b;GSRD005859A01_BB0_01_D1a1a1a1b	0.0222794228980554	1e-06	FALSE	4.48844660194175e-05
237	330	115	Node330	GSRD005859A01_BB0_01_D1a1a1a1b	TRUE	1	GSRD005859A01_BB0_01_D1a1a1a1b	1.78235383184443	8e-05	FALSE	4.48844660194175e-05
238	330	331	Node330	Node331	FALSE	3	Chuan10231A03_BB0_01_D1a1a1a1b;GSRD005407A00_BB0_01_D1a1a1a1b;GSRD009852A00_BB0_00_D1a1a1a1b	0.0222794228980554	1e-06	FALSE	4.48844660194175e-05
239	331	116	Node331	GSRD009852A00_BB0_00_D1a1a1a1b	TRUE	1	GSRD009852A00_BB0_00_D1a1a1a1b	1.13625056780083	5.1e-05	FALSE	4.48844660194175e-05
240	331	332	Node331	Node332	FALSE	2	Chuan10231A03_BB0_01_D1a1a1a1b;GSRD005407A00_BB0_01_D1a1a1a1b	1.13625056780083	5.1e-05	FALSE	4.48844660194175e-05
241	332	117	Node332	Chuan10231A03_BB0_01_D1a1a1a1b	TRUE	1	Chuan10231A03_BB0_01_D1a1a1a1b	0.0222794228980554	1e-06	FALSE	4.48844660194175e-05
242	332	118	Node332	GSRD005407A00_BB0_01_D1a1a1a1b	TRUE	1	GSRD005407A00_BB0_01_D1a1a1a1b	0.0222794228980554	1e-06	FALSE	4.48844660194175e-05
243	329	333	Node329	Node333	FALSE	3	GSRD008103A00_BB0_01_D1a1a1a1b;GSRD008103A01_BB0_01_D1a1a1a1b;GSRD009788A00_BB0_00_D1a1a1a1b	0.334191343470831	1.5e-05	FALSE	4.48844660194175e-05
244	333	119	Node333	GSRD009788A00_BB0_00_D1a1a1a1b	TRUE	1	GSRD009788A00_BB0_00_D1a1a1a1b	0.334191343470831	1.5e-05	FALSE	4.48844660194175e-05
245	333	334	Node333	Node334	FALSE	2	GSRD008103A00_BB0_01_D1a1a1a1b;GSRD008103A01_BB0_01_D1a1a1a1b	0.646103264043607	2.9e-05	FALSE	4.48844660194175e-05
246	334	120	Node334	GSRD008103A01_BB0_01_D1a1a1a1b	TRUE	1	GSRD008103A01_BB0_01_D1a1a1a1b	0.0222794228980554	1e-06	FALSE	4.48844660194175e-05
247	334	121	Node334	GSRD008103A00_BB0_01_D1a1a1a1b	TRUE	1	GSRD008103A00_BB0_01_D1a1a1a1b	0.0222794228980554	1e-06	FALSE	4.48844660194175e-05
248	328	335	Node328	Node335	FALSE	3	GSRD008393A00_BB1_01_D1a1a1a1b;GSRD008393A01_BB1_01_D1a1a1a1b;WDC11806290177_D1a1a1a1b	1.42588306547555	6.4e-05	FALSE	4.48844660194175e-05
249	335	336	Node335	Node336	FALSE	2	GSRD008393A00_BB1_01_D1a1a1a1b;GSRD008393A01_BB1_01_D1a1a1a1b	0.356470766368887	1.6e-05	FALSE	4.48844660194175e-05
250	336	122	Node336	GSRD008393A01_BB1_01_D1a1a1a1b	TRUE	1	GSRD008393A01_BB1_01_D1a1a1a1b	0.0222794228980554	1e-06	FALSE	4.48844660194175e-05
251	336	123	Node336	GSRD008393A00_BB1_01_D1a1a1a1b	TRUE	1	GSRD008393A00_BB1_01_D1a1a1a1b	0.0222794228980554	1e-06	FALSE	4.48844660194175e-05
252	335	124	Node335	WDC11806290177_D1a1a1a1b	TRUE	1	WDC11806290177_D1a1a1a1b	0.668382686941662	3e-05	FALSE	4.48844660194175e-05
253	327	337	Node327	Node337	FALSE	8	GSRD005692A00_BB1_01_D1a1a1a1b;GSRD008205A01_BB1_01_D1a1a1a1b;GSRD009785A00_BB0_00_D1a1a1a1b	0.334191343470831	1.5e-05	FALSE	4.48844660194175e-05
254	337	338	Node337	Node338	FALSE	4	GSRD008205A01_BB1_01_D1a1a1a1b;GSRD009785A00_BB0_00_D1a1a1a1b;GSRD009843A00_BB0_00_D1a1a1a1b	0.334191343470831	1.5e-05	FALSE	4.48844660194175e-05
255	338	125	Node338	GSRD500223A00_BB0_00_D1a1a1a1b	TRUE	1	GSRD500223A00_BB0_00_D1a1a1a1b	1.13625056780083	5.1e-05	FALSE	4.48844660194175e-05
256	338	339	Node338	Node339	FALSE	3	GSRD008205A01_BB1_01_D1a1a1a1b;GSRD009785A00_BB0_00_D1a1a1a1b;GSRD009843A00_BB0_00_D1a1a1a1b	0.155955960286388	7e-06	FALSE	4.48844660194175e-05
257	339	126	Node339	GSRD009843A00_BB0_00_D1a1a1a1b	TRUE	1	GSRD009843A00_BB0_00_D1a1a1a1b	1.13625056780083	5.1e-05	FALSE	4.48844660194175e-05
258	339	340	Node339	Node340	FALSE	2	GSRD008205A01_BB1_01_D1a1a1a1b;GSRD009785A00_BB0_00_D1a1a1a1b	0.0222794228980554	1e-06	FALSE	4.48844660194175e-05
259	340	127	Node340	GSRD008205A01_BB1_01_D1a1a1a1b	TRUE	1	GSRD008205A01_BB1_01_D1a1a1a1b	0.980294607514438	4.4e-05	FALSE	4.48844660194175e-05
260	340	128	Node340	GSRD009785A00_BB0_00_D1a1a1a1b	TRUE	1	GSRD009785A00_BB0_00_D1a1a1a1b	0.980294607514438	4.4e-05	FALSE	4.48844660194175e-05
261	337	341	Node337	Node341	FALSE	4	GSRD005692A00_BB1_01_D1a1a1a1b;GSRD009816A00_BB0_00_D1a1a1a1b;GSRD009831A00_BB0_00_D1a1a1a1b	0.490147303757219	2.2e-05	FALSE	4.48844660194175e-05
262	341	342	Node341	Node342	FALSE	3	GSRD005692A00_BB1_01_D1a1a1a1b;GSRD009816A00_BB0_00_D1a1a1a1b;HGDP01183_D1a1a1a1b	0.178235383184443	8e-06	FALSE	4.48844660194175e-05
263	342	343	Node342	Node343	FALSE	2	GSRD005692A00_BB1_01_D1a1a1a1b;HGDP01183_D1a1a1a1b	0.155955960286388	7e-06	FALSE	4.48844660194175e-05
264	343	129	Node343	HGDP01183_D1a1a1a1b	TRUE	1	HGDP01183_D1a1a1a1b	1.29220652808721	5.8e-05	FALSE	4.48844660194175e-05
265	343	130	Node343	GSRD005692A00_BB1_01_D1a1a1a1b	TRUE	1	GSRD005692A00_BB1_01_D1a1a1a1b	0.82433864722805	3.7e-05	FALSE	4.48844660194175e-05
266	342	131	Node342	GSRD009816A00_BB0_00_D1a1a1a1b	TRUE	1	GSRD009816A00_BB0_00_D1a1a1a1b	0.980294607514438	4.4e-05	FALSE	4.48844660194175e-05
267	341	132	Node341	GSRD009831A00_BB0_00_D1a1a1a1b	TRUE	1	GSRD009831A00_BB0_00_D1a1a1a1b	1.13625056780083	5.1e-05	FALSE	4.48844660194175e-05
268	326	344	Node326	Node344	FALSE	14	GSRD002335A00_BB1_01_D1a1a1a1b;GSRD008109A00_BB0_01_D1a1a1a1b;GSRD008109A01_BB0_01_D1a1a1a1b	0.155955960286388	7e-06	FALSE	4.48844660194175e-05
269	344	133	Node344	GSRD010426A00_BB1_01_D1a1a1a1b	TRUE	1	GSRD010426A00_BB1_01_D1a1a1a1b	2.11654517531526	9.5e-05	FALSE	4.48844660194175e-05
270	344	345	Node344	Node345	FALSE	13	GSRD002335A00_BB1_01_D1a1a1a1b;GSRD008109A00_BB0_01_D1a1a1a1b;GSRD008109A01_BB0_01_D1a1a1a1b	0.0222794228980554	1e-06	FALSE	4.48844660194175e-05
271	345	346	Node345	Node346	FALSE	2	GSRD009860A00_BB0_00_D1a1a1a1b;GSRD500187A00_BB0_00_D1a1a1a1b	0.0222794228980554	1e-06	FALSE	4.48844660194175e-05
272	346	134	Node346	GSRD500187A00_BB0_00_D1a1a1a1b	TRUE	1	GSRD500187A00_BB0_00_D1a1a1a1b	1.62639787155805	7.3e-05	FALSE	4.48844660194175e-05
273	346	135	Node346	GSRD009860A00_BB0_00_D1a1a1a1b	TRUE	1	GSRD009860A00_BB0_00_D1a1a1a1b	1.62639787155805	7.3e-05	FALSE	4.48844660194175e-05
274	345	347	Node345	Node347	FALSE	11	GSRD002335A00_BB1_01_D1a1a1a1b;GSRD008109A00_BB0_01_D1a1a1a1b;GSRD008109A01_BB0_01_D1a1a1a1b	0.0222794228980554	1e-06	FALSE	4.48844660194175e-05
275	347	348	Node347	Node348	FALSE	3	GSRD002335A00_BB1_01_D1a1a1a1b;GSRD008109A00_BB0_01_D1a1a1a1b;GSRD008109A01_BB0_01_D1a1a1a1b	0.646103264043607	2.9e-05	FALSE	4.48844660194175e-05
276	348	349	Node348	Node349	FALSE	2	GSRD008109A00_BB0_01_D1a1a1a1b;GSRD008109A01_BB0_01_D1a1a1a1b	1.13625056780083	5.1e-05	FALSE	4.48844660194175e-05
277	349	136	Node349	GSRD008109A01_BB0_01_D1a1a1a1b	TRUE	1	GSRD008109A01_BB0_01_D1a1a1a1b	0.0222794228980554	1e-06	FALSE	4.48844660194175e-05
278	349	137	Node349	GSRD008109A00_BB0_01_D1a1a1a1b	TRUE	1	GSRD008109A00_BB0_01_D1a1a1a1b	0.0222794228980554	1e-06	FALSE	4.48844660194175e-05
279	348	138	Node348	GSRD002335A00_BB1_01_D1a1a1a1b	TRUE	1	GSRD002335A00_BB1_01_D1a1a1a1b	1.31448595098527	5.9e-05	FALSE	4.48844660194175e-05
280	347	350	Node347	Node350	FALSE	8	GSRD008120A00_BB0_01_D1a1a1a1b;GSRD008120A01_BB0_01_D1a1a1a1b;GSRD008210A00_BB1_01_D1a1a1a1b	0.0222794228980554	1e-06	FALSE	4.48844660194175e-05
281	350	139	Node350	GSRD009781A00_BB0_00_D1a1a1a1b	TRUE	1	GSRD009781A00_BB0_00_D1a1a1a1b	2.60669247907248	0.000117	FALSE	4.48844660194175e-05
282	350	351	Node350	Node351	FALSE	7	GSRD008120A00_BB0_01_D1a1a1a1b;GSRD008120A01_BB0_01_D1a1a1a1b;GSRD008210A00_BB1_01_D1a1a1a1b	0.334191343470831	1.5e-05	FALSE	4.48844660194175e-05
283	351	352	Node351	Node352	FALSE	4	GSRD008210A00_BB1_01_D1a1a1a1b;GSRD008210A01_BB1_01_D1a1a1a1b;GSRD009848A00_BB0_00_D1a1a1a1b	0.155955960286388	7e-06	FALSE	4.48844660194175e-05
284	352	353	Node352	Node353	FALSE	3	GSRD008210A00_BB1_01_D1a1a1a1b;GSRD008210A01_BB1_01_D1a1a1a1b;GSRD009848A00_BB0_00_D1a1a1a1b	0.0222794228980554	1e-06	FALSE	4.48844660194175e-05
285	353	354	Node353	Node354	FALSE	2	GSRD008210A00_BB1_01_D1a1a1a1b;GSRD008210A01_BB1_01_D1a1a1a1b	0.155955960286388	7e-06	FALSE	4.48844660194175e-05
286	354	140	Node354	GSRD008210A00_BB1_01_D1a1a1a1b	TRUE	1	GSRD008210A00_BB1_01_D1a1a1a1b	0.0222794228980554	1e-06	FALSE	4.48844660194175e-05
287	354	141	Node354	GSRD008210A01_BB1_01_D1a1a1a1b	TRUE	1	GSRD008210A01_BB1_01_D1a1a1a1b	0.155955960286388	7e-06	FALSE	4.48844660194175e-05
288	353	142	Node353	GSRD009848A00_BB0_00_D1a1a1a1b	TRUE	1	GSRD009848A00_BB0_00_D1a1a1a1b	0.490147303757219	2.2e-05	FALSE	4.48844660194175e-05
289	352	143	Node352	GSRD011107A00_BB0_01_D1a1a1a1b	TRUE	1	GSRD011107A00_BB0_01_D1a1a1a1b	0.490147303757219	2.2e-05	FALSE	4.48844660194175e-05
290	351	355	Node351	Node355	FALSE	3	GSRD008120A00_BB0_01_D1a1a1a1b;GSRD008120A01_BB0_01_D1a1a1a1b;GSRD009806A00_BB0_00_D1a1a1a1b	0.334191343470831	1.5e-05	FALSE	4.48844660194175e-05
291	355	144	Node355	GSRD009806A00_BB0_00_D1a1a1a1b	TRUE	1	GSRD009806A00_BB0_00_D1a1a1a1b	1.47044191127166	6.6e-05	FALSE	4.48844660194175e-05
292	355	356	Node355	Node356	FALSE	2	GSRD008120A00_BB0_01_D1a1a1a1b;GSRD008120A01_BB0_01_D1a1a1a1b	0.980294607514438	4.4e-05	FALSE	4.48844660194175e-05
293	356	145	Node356	GSRD008120A01_BB0_01_D1a1a1a1b	TRUE	1	GSRD008120A01_BB0_01_D1a1a1a1b	0.0222794228980554	1e-06	FALSE	4.48844660194175e-05
294	356	146	Node356	GSRD008120A00_BB0_01_D1a1a1a1b	TRUE	1	GSRD008120A00_BB0_01_D1a1a1a1b	0.0222794228980554	1e-06	FALSE	4.48844660194175e-05
295	309	147	Node309	GSRD020655A00_BB1_01_D1a1a1a1b	TRUE	1	GSRD020655A00_BB1_01_D1a1a1a1b	0.155955960286388	7e-06	FALSE	4.48844660194175e-05
296	308	357	Node308	Node357	FALSE	15	GSRD007969A00_BB1_01_D1a1a1a1b;GSRD007969A01_BB1_01_D1a1a1a1b;GSRD008063A01_BB1_01_D1a1a1a1b	0.334191343470831	1.5e-05	FALSE	4.48844660194175e-05
297	357	358	Node357	Node358	FALSE	8	GSRD007969A00_BB1_01_D1a1a1a1b;GSRD007969A01_BB1_01_D1a1a1a1b;GSRD008063A01_BB1_01_D1a1a1a1b	0.155955960286388	7e-06	FALSE	4.48844660194175e-05
298	358	359	Node358	Node359	FALSE	2	GSRD008063A01_BB1_01_D1a1a1a1b;GSRD008162A00_BB1_01_D1a1a1a1b	0.490147303757219	2.2e-05	FALSE	4.48844660194175e-05
299	359	148	Node359	GSRD008063A01_BB1_01_D1a1a1a1b	TRUE	1	GSRD008063A01_BB1_01_D1a1a1a1b	4.56728169410136	0.000205	FALSE	4.48844660194175e-05
300	359	149	Node359	GSRD008162A00_BB1_01_D1a1a1a1b	TRUE	1	GSRD008162A00_BB1_01_D1a1a1a1b	3.74294304687331	0.000168	FALSE	4.48844660194175e-05
301	358	360	Node358	Node360	FALSE	6	GSRD007969A00_BB1_01_D1a1a1a1b;GSRD007969A01_BB1_01_D1a1a1a1b;GSRD020328A00_BB1_01_D1a1a1a1b	0.334191343470831	1.5e-05	FALSE	4.48844660194175e-05
302	360	361	Node360	Node361	FALSE	2	GSRD020589A00_BB1_01_D1a1a1a1b;GSRD021043A00_BB1_01_D1a1a1a1b	0.0222794228980554	1e-06	FALSE	4.48844660194175e-05
303	361	150	Node361	GSRD020589A00_BB1_01_D1a1a1a1b	TRUE	1	GSRD020589A00_BB1_01_D1a1a1a1b	0.334191343470831	1.5e-05	FALSE	4.48844660194175e-05
304	361	151	Node361	GSRD021043A00_BB1_01_D1a1a1a1b	TRUE	1	GSRD021043A00_BB1_01_D1a1a1a1b	0.155955960286388	7e-06	FALSE	4.48844660194175e-05
305	360	362	Node360	Node362	FALSE	4	GSRD007969A00_BB1_01_D1a1a1a1b;GSRD007969A01_BB1_01_D1a1a1a1b;GSRD020328A00_BB1_01_D1a1a1a1b	0.334191343470831	1.5e-05	FALSE	4.48844660194175e-05
306	362	363	Node362	Node363	FALSE	3	GSRD007969A00_BB1_01_D1a1a1a1b;GSRD007969A01_BB1_01_D1a1a1a1b;GSRD020949A00_BB1_01_D1a1a1a1b	0.980294607514438	4.4e-05	FALSE	4.48844660194175e-05
307	363	364	Node363	Node364	FALSE	2	GSRD007969A00_BB1_01_D1a1a1a1b;GSRD007969A01_BB1_01_D1a1a1a1b	2.94088382254332	0.000132	FALSE	4.48844660194175e-05
308	364	152	Node364	GSRD007969A01_BB1_01_D1a1a1a1b	TRUE	1	GSRD007969A01_BB1_01_D1a1a1a1b	0.0222794228980554	1e-06	FALSE	4.48844660194175e-05
309	364	153	Node364	GSRD007969A00_BB1_01_D1a1a1a1b	TRUE	1	GSRD007969A00_BB1_01_D1a1a1a1b	0.155955960286388	7e-06	FALSE	4.48844660194175e-05
310	363	154	Node363	GSRD020949A00_BB1_01_D1a1a1a1b	TRUE	1	GSRD020949A00_BB1_01_D1a1a1a1b	0.334191343470831	1.5e-05	FALSE	4.48844660194175e-05
311	362	155	Node362	GSRD020328A00_BB1_01_D1a1a1a1b	TRUE	1	GSRD020328A00_BB1_01_D1a1a1a1b	0.512427395037962	2.300003e-05	FALSE	4.48844660194175e-05
312	357	365	Node357	Node365	FALSE	7	GSRD009811A00_BB0_00_D1a1a1a1b;GSRD009881A00_BB0_00_D1a1a1a1b;GSRD009892A00_BB0_00_D1a1a1a1b	0.0222794228980554	1e-06	FALSE	4.48844660194175e-05
313	365	366	Node365	Node366	FALSE	2	GSRD019919A00_BB1_01_D1a1a1a1b;GSRD020659A00_BB1_01_D1a1a1a1b	4.85691419177608	0.000218	FALSE	4.48844660194175e-05
314	366	156	Node366	GSRD019919A00_BB1_01_D1a1a1a1b	TRUE	1	GSRD019919A00_BB1_01_D1a1a1a1b	0.690662109839718	3.1e-05	FALSE	4.48844660194175e-05
315	366	157	Node366	GSRD020659A00_BB1_01_D1a1a1a1b	TRUE	1	GSRD020659A00_BB1_01_D1a1a1a1b	0.155955960286388	7e-06	FALSE	4.48844660194175e-05
316	365	367	Node365	Node367	FALSE	5	GSRD009811A00_BB0_00_D1a1a1a1b;GSRD009881A00_BB0_00_D1a1a1a1b;GSRD009892A00_BB0_00_D1a1a1a1b	2.29478055849971	0.000103	FALSE	4.48844660194175e-05
317	367	368	Node367	Node368	FALSE	2	GSRD009881A00_BB0_00_D1a1a1a1b;YSW00872A00_BB0_00_D1a1a1a1b	0.646103264043607	2.9e-05	FALSE	4.48844660194175e-05
318	368	158	Node368	YSW00872A00_BB0_00_D1a1a1a1b	TRUE	1	YSW00872A00_BB0_00_D1a1a1a1b	1.13625056780083	5.1e-05	FALSE	4.48844660194175e-05
319	368	159	Node368	GSRD009881A00_BB0_00_D1a1a1a1b	TRUE	1	GSRD009881A00_BB0_00_D1a1a1a1b	3.0968397828297	0.000139	FALSE	4.48844660194175e-05
320	367	369	Node367	Node369	FALSE	3	GSRD009811A00_BB0_00_D1a1a1a1b;GSRD009892A00_BB0_00_D1a1a1a1b;HGDP01185_D1a1a1a1b	0.0222794228980554	1e-06	FALSE	4.48844660194175e-05
321	369	160	Node369	GSRD009892A00_BB0_00_D1a1a1a1b	TRUE	1	GSRD009892A00_BB0_00_D1a1a1a1b	1.47044191127166	6.6e-05	FALSE	4.48844660194175e-05
322	369	370	Node369	Node370	FALSE	2	GSRD009811A00_BB0_00_D1a1a1a1b;HGDP01185_D1a1a1a1b	0.334191343470831	1.5e-05	FALSE	4.48844660194175e-05
323	370	161	Node370	HGDP01185_D1a1a1a1b	TRUE	1	HGDP01185_D1a1a1a1b	1.29220652808721	5.8e-05	FALSE	4.48844660194175e-05
324	370	162	Node370	GSRD009811A00_BB0_00_D1a1a1a1b	TRUE	1	GSRD009811A00_BB0_00_D1a1a1a1b	1.13625056780083	5.1e-05	FALSE	4.48844660194175e-05
325	305	371	Node305	Node371	FALSE	37	GSRD008072A00_BB1_01_D1a1a1a1b;GSRD008072A01_BB1_01_D1a1a1a1b;GSRD008110A00_BB0_01_D1a1a1a1b2	0.490147303757219	2.2e-05	FALSE	4.48844660194175e-05
326	371	372	Node371	Node372	FALSE	34	GSRD008110A00_BB0_01_D1a1a1a1b2;GSRD008110A01_BB0_01_D1a1a1a1b2;GSRD019966A00_BB1_01_D1a1a1a1b2	1.47044191127166	6.6e-05	FALSE	4.48844660194175e-05
327	372	163	Node372	L9055.Y.trim.bam__	TRUE	1	L9055.Y.trim.bam__	2.22794228980554	1e-04	FALSE	4.48844660194175e-05
328	372	373	Node372	Node373	FALSE	33	GSRD008110A00_BB0_01_D1a1a1a1b2;GSRD008110A01_BB0_01_D1a1a1a1b2;GSRD019966A00_BB1_01_D1a1a1a1b2	0.00222794228980554	1e-07	TRUE	4.48844660194175e-05
329	373	164	Node373	L9054.Y.trim.bam__	TRUE	1	L9054.Y.trim.bam__	2.22794228980554	1e-04	FALSE	4.48844660194175e-05
330	373	374	Node373	Node374	FALSE	32	GSRD008110A00_BB0_01_D1a1a1a1b2;GSRD008110A01_BB0_01_D1a1a1a1b2;GSRD019966A00_BB1_01_D1a1a1a1b2	0.00222794228980554	1e-07	TRUE	4.48844660194175e-05
331	374	165	Node374	L8164.Y.trim.bam__	TRUE	1	L8164.Y.trim.bam__	2.22794228980554	1e-04	FALSE	4.48844660194175e-05
332	374	375	Node374	Node375	FALSE	31	GSRD008110A00_BB0_01_D1a1a1a1b2;GSRD008110A01_BB0_01_D1a1a1a1b2;GSRD019966A00_BB1_01_D1a1a1a1b2	0.00222794228980554	1e-07	TRUE	4.48844660194175e-05
333	375	166	Node375	L8106.Y.trim.bam__	TRUE	1	L8106.Y.trim.bam__	2.22794228980554	1e-04	FALSE	4.48844660194175e-05
334	375	376	Node375	Node376	FALSE	30	GSRD008110A00_BB0_01_D1a1a1a1b2;GSRD008110A01_BB0_01_D1a1a1a1b2;GSRD019966A00_BB1_01_D1a1a1a1b2	0.00222794228980554	1e-07	TRUE	4.48844660194175e-05
335	376	167	Node376	L8076.Y.trim.bam__	TRUE	1	L8076.Y.trim.bam__	2.22794228980554	1e-04	FALSE	4.48844660194175e-05
336	376	377	Node376	Node377	FALSE	29	GSRD008110A00_BB0_01_D1a1a1a1b2;GSRD008110A01_BB0_01_D1a1a1a1b2;GSRD019966A00_BB1_01_D1a1a1a1b2	0.00222794228980554	1e-07	TRUE	4.48844660194175e-05
337	377	168	Node377	L8064.Y.trim.bam__	TRUE	1	L8064.Y.trim.bam__	2.22794228980554	1e-04	FALSE	4.48844660194175e-05
338	377	378	Node377	Node378	FALSE	28	GSRD008110A00_BB0_01_D1a1a1a1b2;GSRD008110A01_BB0_01_D1a1a1a1b2;GSRD019966A00_BB1_01_D1a1a1a1b2	0.00222794228980554	1e-07	TRUE	4.48844660194175e-05
339	378	169	Node378	L8062.Y.trim.bam__	TRUE	1	L8062.Y.trim.bam__	2.22794228980554	1e-04	FALSE	4.48844660194175e-05
340	378	379	Node378	Node379	FALSE	27	GSRD008110A00_BB0_01_D1a1a1a1b2;GSRD008110A01_BB0_01_D1a1a1a1b2;GSRD019966A00_BB1_01_D1a1a1a1b2	0.00222794228980554	1e-07	TRUE	4.48844660194175e-05
341	379	170	Node379	HRR660183_Y_rg.bam__	TRUE	1	HRR660183_Y_rg.bam__	2.22794228980554	1e-04	FALSE	4.48844660194175e-05
342	379	380	Node379	Node380	FALSE	26	GSRD008110A00_BB0_01_D1a1a1a1b2;GSRD008110A01_BB0_01_D1a1a1a1b2;GSRD019966A00_BB1_01_D1a1a1a1b2	0.00222794228980554	1e-07	TRUE	4.48844660194175e-05
343	380	171	Node380	HRR1385347.Y.bam__	TRUE	1	HRR1385347.Y.bam__	2.22794228980554	1e-04	FALSE	4.48844660194175e-05
344	380	381	Node380	Node381	FALSE	25	GSRD008110A00_BB0_01_D1a1a1a1b2;GSRD008110A01_BB0_01_D1a1a1a1b2;GSRD019966A00_BB1_01_D1a1a1a1b2	0.00222794228980554	1e-07	TRUE	4.48844660194175e-05
345	381	172	Node381	HRR1385337.Y.bam__	TRUE	1	HRR1385337.Y.bam__	2.22794228980554	1e-04	FALSE	4.48844660194175e-05
346	381	382	Node381	Node382	FALSE	24	GSRD008110A00_BB0_01_D1a1a1a1b2;GSRD008110A01_BB0_01_D1a1a1a1b2;GSRD019966A00_BB1_01_D1a1a1a1b2	0.00222794228980554	1e-07	TRUE	4.48844660194175e-05
347	382	173	Node382	HRR1385327.Y.bam__	TRUE	1	HRR1385327.Y.bam__	2.22794228980554	1e-04	FALSE	4.48844660194175e-05
348	382	383	Node382	Node383	FALSE	23	GSRD008110A00_BB0_01_D1a1a1a1b2;GSRD008110A01_BB0_01_D1a1a1a1b2;GSRD019966A00_BB1_01_D1a1a1a1b2	0.00222794228980554	1e-07	TRUE	4.48844660194175e-05
349	383	174	Node383	HRR1385292.Y.bam__	TRUE	1	HRR1385292.Y.bam__	2.22794228980554	1e-04	FALSE	4.48844660194175e-05
350	383	384	Node383	Node384	FALSE	22	GSRD008110A00_BB0_01_D1a1a1a1b2;GSRD008110A01_BB0_01_D1a1a1a1b2;GSRD019966A00_BB1_01_D1a1a1a1b2	0.00222794228980554	1e-07	TRUE	4.48844660194175e-05
351	384	175	Node384	HRR1385291.Y.bam__	TRUE	1	HRR1385291.Y.bam__	2.22794228980554	1e-04	FALSE	4.48844660194175e-05
352	384	385	Node384	Node385	FALSE	21	GSRD008110A00_BB0_01_D1a1a1a1b2;GSRD008110A01_BB0_01_D1a1a1a1b2;GSRD019966A00_BB1_01_D1a1a1a1b2	0.00222794228980554	1e-07	TRUE	4.48844660194175e-05
353	385	176	Node385	HRR1385288.Y.bam__	TRUE	1	HRR1385288.Y.bam__	2.22794228980554	1e-04	FALSE	4.48844660194175e-05
354	385	386	Node385	Node386	FALSE	20	GSRD008110A00_BB0_01_D1a1a1a1b2;GSRD008110A01_BB0_01_D1a1a1a1b2;GSRD019966A00_BB1_01_D1a1a1a1b2	0.00222794228980554	1e-07	TRUE	4.48844660194175e-05
355	386	387	Node386	Node387	FALSE	5	GSRD019966A00_BB1_01_D1a1a1a1b2;GSRD020313A00_BB1_01_D1a1a1a1b2;GSRD020453A00_BB1_01_D1a1a1a1b2	0.64610259566092	2.899997e-05	FALSE	4.48844660194175e-05
356	387	388	Node387	Node388	FALSE	3	GSRD020313A00_BB1_01_D1a1a1a1b2;GSRD020595A00_BB1_01_D1a1a1a1b2;GSRD020673A00_BB1_01_D1a1a1a1b2	1.00257403041249	4.5e-05	FALSE	4.48844660194175e-05
357	388	389	Node388	Node389	FALSE	2	GSRD020313A00_BB1_01_D1a1a1a1b2;GSRD020673A00_BB1_01_D1a1a1a1b2	0.0222794228980554	1e-06	FALSE	4.48844660194175e-05
358	389	177	Node389	GSRD020673A00_BB1_01_D1a1a1a1b2	TRUE	1	GSRD020673A00_BB1_01_D1a1a1a1b2	0.0222794228980554	1e-06	FALSE	4.48844660194175e-05
359	389	178	Node389	GSRD020313A00_BB1_01_D1a1a1a1b2	TRUE	1	GSRD020313A00_BB1_01_D1a1a1a1b2	0.0222794228980554	1e-06	FALSE	4.48844660194175e-05
360	388	179	Node388	GSRD020595A00_BB1_01_D1a1a1a1b2	TRUE	1	GSRD020595A00_BB1_01_D1a1a1a1b2	0.0222794228980554	1e-06	FALSE	4.48844660194175e-05
361	387	390	Node387	Node390	FALSE	2	GSRD019966A00_BB1_01_D1a1a1a1b2;GSRD020453A00_BB1_01_D1a1a1a1b2	2.27250113560165	0.000102	FALSE	4.48844660194175e-05
362	390	180	Node390	GSRD019966A00_BB1_01_D1a1a1a1b2	TRUE	1	GSRD019966A00_BB1_01_D1a1a1a1b2	0.0222794228980554	1e-06	FALSE	4.48844660194175e-05
363	390	181	Node390	GSRD020453A00_BB1_01_D1a1a1a1b2	TRUE	1	GSRD020453A00_BB1_01_D1a1a1a1b2	0.0445588457961108	2e-06	FALSE	4.48844660194175e-05
364	386	391	Node386	Node391	FALSE	15	GSRD008110A00_BB0_01_D1a1a1a1b2;GSRD008110A01_BB0_01_D1a1a1a1b2;GSRD019989A00_BB1_01_D1a1a1a1b2	0.155955960286388	7e-06	FALSE	4.48844660194175e-05
365	391	182	Node391	S41.Y.trim.Y.Dedup.bam__	TRUE	1	S41.Y.trim.Y.Dedup.bam__	2.22794228980554	1e-04	FALSE	4.48844660194175e-05
366	391	392	Node391	Node392	FALSE	14	GSRD008110A00_BB0_01_D1a1a1a1b2;GSRD008110A01_BB0_01_D1a1a1a1b2;GSRD019989A00_BB1_01_D1a1a1a1b2	0.00222794228980554	1e-07	TRUE	4.48844660194175e-05
367	392	393	Node392	Node393	FALSE	11	GSRD008110A00_BB0_01_D1a1a1a1b2;GSRD008110A01_BB0_01_D1a1a1a1b2;GSRD019989A00_BB1_01_D1a1a1a1b2	0.0222794228980554	1e-06	FALSE	4.48844660194175e-05
368	393	394	Node393	Node394	FALSE	5	GSRD008110A00_BB0_01_D1a1a1a1b2;GSRD008110A01_BB0_01_D1a1a1a1b2;GSRD020601A00_BB1_01_D1a1a1a1b2	0.0222794228980554	1e-06	FALSE	4.48844660194175e-05
369	394	395	Node394	Node395	FALSE	2	GSRD008110A00_BB0_01_D1a1a1a1b2;GSRD008110A01_BB0_01_D1a1a1a1b2	3.74294304687331	0.000168	FALSE	4.48844660194175e-05
370	395	183	Node395	GSRD008110A00_BB0_01_D1a1a1a1b2	TRUE	1	GSRD008110A00_BB0_01_D1a1a1a1b2	0.0222794228980554	1e-06	FALSE	4.48844660194175e-05
371	395	184	Node395	GSRD008110A01_BB0_01_D1a1a1a1b2	TRUE	1	GSRD008110A01_BB0_01_D1a1a1a1b2	0.0222794228980554	1e-06	FALSE	4.48844660194175e-05
372	394	396	Node394	Node396	FALSE	3	GSRD020601A00_BB1_01_D1a1a1a1b2;GSRD020644A00_BB1_01_D1a1a1a1b2;GSRD020653A00_BB1_01_D1a1a1a1b2	0.155955960286388	7e-06	FALSE	4.48844660194175e-05
373	396	185	Node396	GSRD020601A00_BB1_01_D1a1a1a1b2	TRUE	1	GSRD020601A00_BB1_01_D1a1a1a1b2	0.0222794228980554	1e-06	FALSE	4.48844660194175e-05
374	396	397	Node396	Node397	FALSE	2	GSRD020644A00_BB1_01_D1a1a1a1b2;GSRD020653A00_BB1_01_D1a1a1a1b2	0.0222794228980554	1e-06	FALSE	4.48844660194175e-05
375	397	186	Node397	GSRD020653A00_BB1_01_D1a1a1a1b2	TRUE	1	GSRD020653A00_BB1_01_D1a1a1a1b2	0.0222794228980554	1e-06	FALSE	4.48844660194175e-05
376	397	187	Node397	GSRD020644A00_BB1_01_D1a1a1a1b2	TRUE	1	GSRD020644A00_BB1_01_D1a1a1a1b2	0.0222794228980554	1e-06	FALSE	4.48844660194175e-05
377	393	398	Node393	Node398	FALSE	6	GSRD019989A00_BB1_01_D1a1a1a1b2;GSRD020136A00_BB1_01_D1a1a1a1b2;GSRD020251A00_BB1_01_D1a1a1a1b2	0.0222794228980554	1e-06	FALSE	4.48844660194175e-05
378	398	399	Node398	Node399	FALSE	4	GSRD019989A00_BB1_01_D1a1a1a1b2;GSRD020136A00_BB1_01_D1a1a1a1b2;GSRD020251A00_BB1_01_D1a1a1a1b2	0.0222794228980554	1e-06	FALSE	4.48844660194175e-05
379	399	400	Node399	Node400	FALSE	2	GSRD019989A00_BB1_01_D1a1a1a1b2;GSRD020136A00_BB1_01_D1a1a1a1b2	1.96058921502888	8.8e-05	FALSE	4.48844660194175e-05
380	400	188	Node400	GSRD019989A00_BB1_01_D1a1a1a1b2	TRUE	1	GSRD019989A00_BB1_01_D1a1a1a1b2	0.0445588457961108	2e-06	FALSE	4.48844660194175e-05
381	400	189	Node400	GSRD020136A00_BB1_01_D1a1a1a1b2	TRUE	1	GSRD020136A00_BB1_01_D1a1a1a1b2	0.0222794228980554	1e-06	FALSE	4.48844660194175e-05
382	399	401	Node399	Node401	FALSE	2	GSRD020251A00_BB1_01_D1a1a1a1b2;GSRD020293A00_BB1_01_D1a1a1a1b2	0.155955960286388	7e-06	FALSE	4.48844660194175e-05
383	401	190	Node401	GSRD020293A00_BB1_01_D1a1a1a1b2	TRUE	1	GSRD020293A00_BB1_01_D1a1a1a1b2	0.0222794228980554	1e-06	FALSE	4.48844660194175e-05
384	401	191	Node401	GSRD020251A00_BB1_01_D1a1a1a1b2	TRUE	1	GSRD020251A00_BB1_01_D1a1a1a1b2	0.0222794228980554	1e-06	FALSE	4.48844660194175e-05
385	398	402	Node398	Node402	FALSE	2	GSRD020534A00_BB1_01_D1a1a1a1b2;GSRD020598A00_BB1_01_D1a1a1a1b2	0.0222794228980554	1e-06	FALSE	4.48844660194175e-05
386	402	192	Node402	GSRD020598A00_BB1_01_D1a1a1a1b2	TRUE	1	GSRD020598A00_BB1_01_D1a1a1a1b2	0.0222794228980554	1e-06	FALSE	4.48844660194175e-05
387	402	193	Node402	GSRD020534A00_BB1_01_D1a1a1a1b2	TRUE	1	GSRD020534A00_BB1_01_D1a1a1a1b2	0.0222794228980554	1e-06	FALSE	4.48844660194175e-05
388	392	403	Node392	Node403	FALSE	3	GSRD020323A00_BB1_01_D1a1a1a1b2;GSRD020434A00_BB1_01_D1a1a1a1b2;GSRD020806A00_BB1_01_D1a1a1a1b2	0.334191343470831	1.5e-05	FALSE	4.48844660194175e-05
389	403	404	Node403	Node404	FALSE	2	GSRD020323A00_BB1_01_D1a1a1a1b2;GSRD020806A00_BB1_01_D1a1a1a1b2	0.0222794228980554	1e-06	FALSE	4.48844660194175e-05
390	404	194	Node404	GSRD020806A00_BB1_01_D1a1a1a1b2	TRUE	1	GSRD020806A00_BB1_01_D1a1a1a1b2	0.0222794228980554	1e-06	FALSE	4.48844660194175e-05
391	404	195	Node404	GSRD020323A00_BB1_01_D1a1a1a1b2	TRUE	1	GSRD020323A00_BB1_01_D1a1a1a1b2	0.0222794228980554	1e-06	FALSE	4.48844660194175e-05
392	403	196	Node403	GSRD020434A00_BB1_01_D1a1a1a1b2	TRUE	1	GSRD020434A00_BB1_01_D1a1a1a1b2	0.0222794228980554	1e-06	FALSE	4.48844660194175e-05
393	371	405	Node371	Node405	FALSE	3	GSRD008072A00_BB1_01_D1a1a1a1b;GSRD008072A01_BB1_01_D1a1a1a1b;GSRD020986A00_BB1_01_D1a1a1a1b	0.178235383184443	8e-06	FALSE	4.48844660194175e-05
394	405	197	Node405	GSRD020986A00_BB1_01_D1a1a1a1b	TRUE	1	GSRD020986A00_BB1_01_D1a1a1a1b	4.0994138132422	0.000184	FALSE	4.48844660194175e-05
395	405	406	Node405	Node406	FALSE	2	GSRD008072A00_BB1_01_D1a1a1a1b;GSRD008072A01_BB1_01_D1a1a1a1b	5.52529687871774	0.000248	FALSE	4.48844660194175e-05
396	406	198	Node406	GSRD008072A00_BB1_01_D1a1a1a1b	TRUE	1	GSRD008072A00_BB1_01_D1a1a1a1b	0.0222794228980554	1e-06	FALSE	4.48844660194175e-05
397	406	199	Node406	GSRD008072A01_BB1_01_D1a1a1a1b	TRUE	1	GSRD008072A01_BB1_01_D1a1a1a1b	0.0222794228980554	1e-06	FALSE	4.48844660194175e-05
398	208	407	Node208	Node407	FALSE	8	Chuan10298A00_BB0_00_D1a1a1b1a2;CQ10079A00_BB0_00_D1a1a1b1a;GSRD008877A00_BB0_01_D1a1a1b2	25.9109688304384	0.001163	FALSE	4.48844660194175e-05
399	407	408	Node407	Node408	FALSE	4	GSRD008877A00_BB0_01_D1a1a1b2;GSRD009669A00_BB0_01_D1a1a1b2;GSRD009669A01_BB0_01_D1a1a1b2	10.0925785728191	0.000453	FALSE	4.48844660194175e-05
400	408	409	Node408	Node409	FALSE	2	GSRD008877A00_BB0_01_D1a1a1b2;Y5979_D1a1a1b2	1.31448595098527	5.9e-05	FALSE	4.48844660194175e-05
401	409	200	Node409	GSRD008877A00_BB0_01_D1a1a1b2	TRUE	1	GSRD008877A00_BB0_01_D1a1a1b2	2.96316324544137	0.000133	FALSE	4.48844660194175e-05
402	409	201	Node409	Y5979_D1a1a1b2	TRUE	1	Y5979_D1a1a1b2	1.49272133416971	6.7e-05	FALSE	4.48844660194175e-05
403	408	410	Node408	Node410	FALSE	2	GSRD009669A00_BB0_01_D1a1a1b2;GSRD009669A01_BB0_01_D1a1a1b2	5.05742899785858	0.000227	FALSE	4.48844660194175e-05
404	410	202	Node410	GSRD009669A00_BB0_01_D1a1a1b2	TRUE	1	GSRD009669A00_BB0_01_D1a1a1b2	0.0222794228980554	1e-06	FALSE	4.48844660194175e-05
405	410	203	Node410	GSRD009669A01_BB0_01_D1a1a1b2	TRUE	1	GSRD009669A01_BB0_01_D1a1a1b2	0.0222794228980554	1e-06	FALSE	4.48844660194175e-05
406	407	411	Node407	Node411	FALSE	4	Chuan10298A00_BB0_00_D1a1a1b1a2;CQ10079A00_BB0_00_D1a1a1b1a;GSRD009801A00_BB0_00_D1a1a1b1b	1.62639787155805	7.3e-05	FALSE	4.48844660194175e-05
407	411	204	Node411	Y_HRR2105086.bam__	TRUE	1	Y_HRR2105086.bam__	2.22794228980554	1e-04	FALSE	4.48844660194175e-05
408	411	412	Node411	Node412	FALSE	3	Chuan10298A00_BB0_00_D1a1a1b1a2;CQ10079A00_BB0_00_D1a1a1b1a;GSRD009801A00_BB0_00_D1a1a1b1b	0.00222794228980554	1e-07	TRUE	4.48844660194175e-05
409	412	205	Node412	GSRD009801A00_BB0_00_D1a1a1b1b	TRUE	1	GSRD009801A00_BB0_00_D1a1a1b1b	14.1697129631632	0.000636	FALSE	4.48844660194175e-05
410	412	413	Node412	Node413	FALSE	2	Chuan10298A00_BB0_00_D1a1a1b1a2;CQ10079A00_BB0_00_D1a1a1b1a	5.21338495814497	0.000234	FALSE	4.48844660194175e-05
411	413	206	Node413	CQ10079A00_BB0_00_D1a1a1b1a	TRUE	1	CQ10079A00_BB0_00_D1a1a1b1a	6.34963552594579	0.000285	FALSE	4.48844660194175e-05
412	413	207	Node413	Chuan10298A00_BB0_00_D1a1a1b1a2	TRUE	1	Chuan10298A00_BB0_00_D1a1a1b1a2	7.48588609374662	0.000336	FALSE	4.48844660194175e-05
